id,trigger,object,subject,time,location
7953,恢复,此外，深航,此外，深航积极恢复,,此外，深航积极恢复
7955,作出,同时，因其,同时，因其违反中国法律、法规规定,同时，因其违反中国法律、法规规定,同时，因其违反中国法律、法规规定
7956,查封,2008年间，佛山市南海区某五金机械厂等8名合法债权人,2008年间，佛山市南海区某五金机械厂等8名合法债权人,2008年,2008年间，佛山市南海区某五金机械厂
7956,申请,2008年间，佛山市南海区某五金机械厂等8名合法债权人,2008年间，佛山市南海区某五金机械厂等8名合法债权人,2008年,2008年间，佛山市南海区
7959,抓获,广州男子,广州男子涉嫌偷拍女同学发布淫秽信息,广州男子涉嫌偷拍女同学发布淫秽信息,广州男子涉嫌偷拍女同学发布淫秽信息
7959,发布,广州男子涉嫌偷拍女同学发布淫秽信息,广州男子涉嫌偷拍女同学发布淫秽信息,广州男子涉嫌偷拍女同学发布淫秽信息,广州男子涉嫌偷拍女同学发布淫秽信息
7959,发布,广州男子涉嫌偷拍女同学发布淫秽信息,广州男子涉嫌偷拍女同学发布淫秽信息,广州男子涉嫌偷拍女同学发布淫秽信息,广州男子涉嫌偷拍女同学发布淫秽信息
7959,发声,广州男子涉嫌偷拍女同学发布淫秽信息，学校,,广州男子涉嫌偷拍女同学发布淫秽信息，学校,广州男子涉嫌偷拍女同学发布淫秽信息，学校
7960,参与,作为广东深圳一家节能企业的董事长，从1月29日开始，李海建,作为广东深圳一家节能企业的董事长，从1月29日开始，李海建,1月29日,李海建
7960,来到,作为广东深圳一家节能企业的董事长，从1月29日开始，李海建,作为广东深圳一家节能企业的董事长，从1月29日开始，李海建,1月29日,李海建
7962,关注,3月23日，李海建,3月23日,3月23日,3月23日，李海建
7964,减少,据央视消息，随着患者的陆续减少，雷神山医院,据央视消息，随着患者的陆续减少，雷神山医院,,
7965,加入,1月底来雷神山建设医疗废弃物焚烧车间后，李海建,1月底来雷神山建设医疗废弃物焚烧车间后，李海建,1月底,1月底来雷神山建设医疗废弃物焚烧车间后，李海建
7966,结束,4月7日，李海建,4月7日,4月7日,4月7日，李海建
7970,参与,”此外，3月31日至4月3日期间，受武汉市疾病预防控制中心邀请，李海建,”此外，3月31日至4月3日期间，受武汉市疾病预防控制中心邀请，李海建,”此外，3月31日,”此外，3月31日
7974,申报,4月8日下午,4月8日,4月8日,4月8日
7978,组织,省自然资源厅,省自然资源厅,,省自然资源厅
7978,出动,省自然资源厅,省自然资源厅,,
7979,发布,省应急管理厅联合省自然资源厅,省应急管理厅联合省自然资源厅,,省应急管理厅联合省自然资源厅
7981,导致,经调查，宋某,经调查，宋某,4月6日,经调查，宋某
7981,承认,经调查，宋某,经调查，宋某,经调查，宋某,经调查，宋某
7981,发布,经调查，宋某,经调查，宋某,4月6日,经调查，宋某
7983,报告,8日广州新增确诊病例3例，皆为排查发现4月8日0时至24时，广州市,8日,8日,8日
7983,新增,8日广州新增确诊病例3例,8日广州新增确诊病例3例,8日,8日广州新增确诊病例3例
7984,恢复,以南航为例，4月8日,以南航为例，4月8日,4月8日,以南航为例，4月8日
7985,离开,他们1月22日来深圳过年，已离开武汉,他们1月22日来深圳过年,他们1月22日,他们1月22日来深圳过年
7985,来,他们1月22日,他们1月22日,他们1月22日,他们1月22日
7986,申请,”刘女士,”刘女士,,
7989,举办,深圳机场地面服务公司,深圳机场地面服务公司专程为武汉回深首个航班举办欢迎仪式,,深圳机场地面服务公司
7989,送上,深圳机场地面服务公司,深圳机场地面服务公司,,深圳机场地面服务公司
7991,拘留,目前，公安机关,,,
7991,作出,目前，公安机关,目前，公安机关已依法对涉嫌赌博犯罪嫌疑人（庄家）卢某,,
7991,作出,目前，公安机关,目前，公安机关已依法对涉嫌赌博犯罪嫌疑人（庄家）卢某,,
7991,作出,目前，公安机关,目前，公安机关已依法对涉嫌赌博犯罪嫌疑人（庄家）卢某,,
7992,发生,4月9日凌晨,4月9日凌晨,4月9日凌晨,4月9日凌晨
7993,接受,密切接触者,299名密切接触者,,
7994,作出,4月1日，钟南山院士,4月1日,4月1日,4月1日，钟南山院士
7998,进行,4月6日,4月6日,4月6日,4月6日
7999,提出,3月6日，广州市政府,3月6日,3月6日,3月6日，广州市政府
8000,形成,3月9日,3月9日,3月9日,3月9日，法制委员会
8000,审议,3月9日，法制委员会,3月9日,3月9日,3月9日，法制委员会
8002,设立,上海建工一建集团项目部经理张杰介绍，复工人员,上海建工一建集团项目部经理张杰介绍，复工人员,,上海建工一建集团项目部经理张杰介绍，复工人员
8005,公布,日前，广东高院,日前，广东高院,,日前，广东高院
8007,接受,星岛环球网消息：人民网报道，北京时间3月11日,星岛环球网消息：人民网报道，北京时间3月11日,星岛环球网,星岛环球网消息：人民网报道，北京时间3月11日
8008,进行,北京时间3月10日,北京时间3月10日,北京时间3月10日,北京时间3月10日
8009,制定,3月28日，深圳市医疗保障局,3月28日,3月28日,3月28日，深圳市医疗保障局
8010,下降,深圳市,,,
8010,加入,深圳市,深圳市加入省联盟,,深圳市
8010,推进,深圳市,深圳市,,
8011,召开,3月9日上午，天海俱乐部,3月9日上午，天海俱乐部,3月9日,3月9日上午，天海俱乐部
8011,通报,”3月9日上午，天海俱乐部,3月9日,3月9日,3月9日上午，天海俱乐部
8012,公布,星岛环球网消息：人民网报道，北京时间3月10日晚，阿根廷国家队,星岛环球网消息：人民网报道，北京时间3月10日,星岛环球网消息：,星岛环球网消息：人民网报道，北京时间3月10日
8013,执行,尤文俱乐部,尤文俱乐部,,
8014,命中,第43分钟，亚特兰大,,第43分钟，亚特兰大再次超,
8014,制造,第43分钟，亚特兰大,第43分钟，亚特兰大再次超出,第43分钟，亚特兰大再次超出,第43分钟，亚特兰大再次超
8014,制造,第43分钟，亚特兰大,第43分钟，亚特兰大再次超出,第43分钟，亚特兰大再次超出,第43分钟，亚特兰大再次超
8016,入选,星岛环球网消息：据央视报道，北京时间3月12日消息，荷兰,星岛环球网消息：据央视报道，北京时间3月12日消息，荷兰,星岛环球网,星岛环球网消息：据央视
8017,举行,"据外媒报道,鉴于新冠肺炎疫情，欧足联","据外媒报道,鉴于新冠肺炎疫情，欧足联","据外媒报道,鉴于新冠肺炎疫情，欧足联","据外媒报道,鉴于新冠肺炎疫情，欧足联"
8019,发布,就在八天前，天津天海足球俱乐部,就在八天前，天津天海足球俱乐部,,就在八天前，天津天海足球俱乐部
8021,发布,欧足联,欧足联发布欧冠赛事延期公告,,
8022,给予,星岛环球网,星岛环球网消息：新华社广州3月13日电（记者王浩明,星岛环球网,星岛环球网消息：新华社广州3月13日电（记者王浩明
8023,隔离,#关注新冠肺炎,,#关注新冠肺炎,
8026,取消,国足迪拜,国足迪拜,,国足迪拜
8028,做出,目前欧冠,目前欧冠赛事受疫情影响暂停,,目前欧冠
8028,投身,目前欧冠,目前欧冠赛事受疫情影响暂停，意大利当地的疫情日益严重，不少球员,,目前欧冠
8029,遭遇,北京时间2月2日,北京时间2月2日,北京时间2月2日,北京时间2月2日
8030,提出,星岛环球网消息：《北京青年报》报道，近日，国际足联,星岛环球网消息：《北京青年报》报道，近日，国际足联,星岛环球网消息：《北京青年报》报道，近日,星岛环球网消息：《北京青年报》报道，近日，国际足联
8037,发布,据英国《镜报》15日报道，那不,据英国《镜报》15日报道，那不勒斯足球俱乐部成员德赖斯·梅尔滕斯,,据英国《镜报》15日报道，那不
8042,制定,国足这一趟阿联酋迪拜集训实属“不得已而为之”：2月22日,国足这一趟阿联酋迪拜集训实属“不得已而为之”：2月22日,2月22日,2月22日
8043,公布,随后教练组,随后教练组公布球员集训名单,随后教练组公布球员集训名单,随后教练组公布球员集训名单
8045,推出,2018年底，中国足协,2018年底，中国足协曾推出赛会制的U23联赛,2018年底,2018年底，中国足协曾推出赛会制的U23联赛
8046,测试,原标题：西班牙人6人感染新冠病毒,原标题：西班牙人6人,原标题：西班牙人6人,原标题：西班牙人6人感染新冠病毒
8047,加盟,南都记者,南都记者,2019年1月15日,南都记者
8048,成立,在意大利当地时间昨日，意甲官方,在意大利当地时间昨日，意甲官方成立赛事委员会,在意大利当地时间昨日，意甲官方,在意大利当地时间昨日，意甲官方成立赛事委员会
8049,控制,”“这周西班牙,”“这周西班牙也通过关闭公共场所,,”“这周西班牙也通过关闭公共场所
8050,通过,2020年欧洲杯,2020年欧洲杯,2020年,2020年欧洲杯
8053,成立,国际足联理事会特别工作组,国际足联理事会特别工作组,,
8055,支持,今年2月份，西班牙人俱乐部,今年2月份，西班牙人俱乐部,今年2月份，西班牙人俱乐部,今年2月份，西班牙人俱乐部
8055,捐赠,今年2月份，西班牙人俱乐部,今年2月份，西班牙人俱乐部,今年2月份，西班牙人俱乐部,今年2月份，西班牙人俱乐部
8056,推迟,我们支持欧足联将欧洲杯,我们支持欧足联将欧洲杯推迟举办的决议,,
8059,接受,星岛环球网消息：据天空体育报道，国米球星卢卡库,星岛环球网消息：据天空体育报道，国米球星卢卡库近日接受了采访,,星岛环球网消息：据天空体育报道，国米球星卢卡库
8059,离开,星岛环球网消息：据天空体育报道，国米球星卢卡库,星岛环球网消息：据天空体育报道，国米球星卢卡库,,星岛环球网消息：据天空体育报道，国米球星卢卡库
8061,去世,卡迪夫城官方微博,,3月19日,
8065,暂停,在此之前，欧洲足球五大联赛,在此之前，欧洲足球五大联赛,,在此之前，欧洲足球五
8066,调用,鉴于新冠疫情的大流行导致西班牙医疗系统接近崩溃，西班牙卫生部长萨尔瓦多·伊拉,鉴于新冠疫情的大流行导致西班牙医疗系统接近崩溃，西班牙卫生部长萨尔瓦多·伊拉,,
8066,宣布,鉴于新冠疫情的大流行导致西班牙医疗系统接近崩溃，西班牙卫生部长萨尔瓦多·伊拉,鉴于新冠疫情的大流行导致西班牙医疗系统接近崩溃，西班牙卫生部长萨尔瓦多·伊拉,,
8067,支持,本月18日,本月18日,本月18日,本月18
8067,宣布,本月18日，外交部发言人耿爽表示，中国政府,本月18日，外交部发言人耿爽表示，中国政府,本月18日,本月18日，外交部发言人耿爽表示，中国政府
8068,接受,武磊,武磊,,
8069,接受,同时官方还表示，所有球员,同时官方还表示，所有球员,,
8070,接受,当地时间20日，马尔蒂尼,当地时间20日，马尔蒂尼,当地时间20日,马尔蒂尼
8071,通报,迪巴拉,迪巴拉,,迪巴拉
8072,对话,文章指出，意甲联盟,,,
8077,申请,国足,3月25日,3月25日,3月25日
8078,出现,星岛环球网消息：中新网3月22日电中超山东鲁能俱乐部,星岛环球网消息：中新网3月22日电中超山东鲁能俱乐部,星岛环球网,星岛环球网
8079,接受,山东鲁能,山东鲁能,山东鲁能官网声明截图,山东鲁能
8079,到达,山东鲁能,山东鲁能,山东鲁能,山东鲁能官网声明截图据此前济南
8079,乘坐,山东鲁能,山东鲁能,山东鲁能,山东鲁能
8081,执行,比如曼联2014年,比如曼联2014年,比如曼联2014年,比如曼联2014年
8082,宣布,报道截图英超,报道截图英超,报道截图英超于当地时间本周四,报道截图英超于当地时间本周四召开了股东大会
8084,接受,2020年2月2日，卡拉巴,2020年2月2日，卡拉巴,2020年2月2日,2020年2月2日
8085,关闭,”卡拉巴说，他介绍了当时目睹的武汉,”卡拉巴说，他介绍了当时目睹的武汉采取的一些措施：例如建立方舱医院,,
8087,加盟,”费莱尼,”费莱尼,”费莱尼,”费莱尼
8087,离开,”费莱尼,”费莱尼,”费莱尼,”费莱尼
8090,拒绝,《马卡报》指出，巴萨男足球员们拒绝这份降薪提议,《马卡报》指出，巴萨男足球员们拒绝这份降薪提议,,《马卡报》指出，巴萨男足球员们拒绝这份降薪提议
8093,召开,文中称，法国职业足球联盟董事会,文中称，法国职业足球联盟董事会,文中称，法国职业足球联盟董事会,文中称，法国职业足球联盟董事会
8094,加盟,星岛环球网消息：人民网报道，河南建业足球俱乐部,星岛环球网消息：人民网报道，河南建业足球俱乐部,,星岛环球网消息：人民网报道，河南建业足球俱乐部
8094,发布,星岛环球网消息：人民网报道，河南建业足球俱乐部,星岛环球网消息：人民网报道，河南建业足球俱乐部,,星岛环球网消息：人民网报道，河南建业足球俱乐部
8094,选择,星岛环球网消息：人民网报道，河南建业足球俱乐部,星岛环球网消息：人民网报道，河南建业足球俱乐部,,星岛环球网消息：人民网报道，河南建业足球俱乐部
8095,发布,武磊,武磊方面发布声明,,
8096,更新,但随后武磊团队发布声明进行辟谣，武磊,但随后武磊团队发布声明进行辟谣，武磊,,
8096,发布,但随后武磊,但随后武磊团队,,
8097,发布,缺阵新冠肺炎后，武磊,缺阵新冠肺炎后，武磊,,
8097,发布,缺阵新冠肺炎后，武磊,缺阵新冠肺炎后，武磊,,
8098,介绍,在确诊感染新冠肺炎,在确诊感染新冠肺炎,,
8100,搭建,与此同时，上海足协,与此同时，上海足协,,与此同时，上海足协
8101,降低,由于有长期赞助合同，德国足协,由于有长期赞助合同，德国足协,,
8103,捐献,”对此，中国驻巴塞罗那总领馆,”对此，中国驻巴塞罗那总领馆,,”对此，中国驻巴塞罗那总领馆
8104,制定,据外媒报道，为了防止球员们宅在家“放飞自我”，西甲豪门皇家马德里俱乐部的体能教练,据外媒报道，为了防止球员们宅在家“放飞自我”，西甲豪门皇家马德里俱乐部的体能教练,,据外媒报道，为了防止球员
8106,参加,球员都参加了训练,所有的球员都参加了训练,,所有的球员都参加了训练
8107,打入,伊达尔戈,伊达尔戈,伊达尔戈,伊达尔戈
8107,离开,伊达尔戈,伊达尔戈,伊达尔戈,伊达尔戈
8107,击败,伊达尔戈,伊达尔戈,伊达尔戈,伊达尔戈
8109,成立,疫情发生后，中国足协,疫情发生后，中国足协,,
8109,落实,疫情发生后，中国足协,疫情发生后，中国足协,,
8110,公布,星岛环球网,星岛环球网,星岛环球网,星岛环球网
8112,宣布,27日，恒大主帅卡纳瓦罗,27日,27日,27日，恒大主帅卡纳瓦罗
8112,结束,27日，恒大主帅卡纳瓦罗,27日,27日,27日
8113,介绍,卡纳瓦罗,在居家隔离期间，卡纳瓦罗,,在居家隔离期间，卡纳瓦罗
8114,介绍,作为2006年世界杯的冠军队长，卡纳瓦罗,作为2006年世界杯的冠军队长，卡纳瓦罗,作为2006年世界杯的冠军队长，卡纳瓦罗,作为2006年世界杯的冠军队长，卡纳瓦罗
8114,连线,作为2006年世界杯的冠军队长，卡纳瓦罗,,,作为2006年世界杯的冠军队长，卡纳瓦罗
8114,捐款,作为2006年世界杯的冠军队长，卡纳瓦罗,,作为2006年世界杯的冠军队长，卡纳瓦罗,作为2006年世界杯的冠军队长，卡纳瓦罗
8115,罚款,一位球员,,,
8116,支持,瓦加斯,瓦加斯,,瓦加斯
8117,发布,北京时间29日，意甲豪门尤文图斯俱乐部,北京时间29日，意甲豪门尤文图斯俱乐部就发布公告,北京时间29日,北京时间29日，意甲豪门尤文图斯俱乐部
8117,降低,北京时间29日，意甲豪门尤文图斯俱乐部,北京时间29日，意甲豪门尤文图斯俱乐部,北京时间29日,北京时间29日，意甲豪门尤文图斯俱乐部
8119,介绍,”新闻多一点：在确诊感染新冠肺炎后，武磊,”新闻多一点：在确诊感染新冠肺炎后，武磊,”新闻多一点,”新闻多一点：在确诊感染新冠肺炎后，武磊
8120,召开,成立“抗疫”工作组FIFA形成三方面决议10多天前，国际足联,成立“抗疫”工作组FIFA形成三方面决议10多天前，国际足联,成立“抗疫”工作组FIFA形成三方面决议,成立“抗疫”工作组FIFA形成三方面决议
8121,提议,有消息称，国际足联“抗疫”工作组,有消息称，国际足联“抗疫”工作组,,
8121,讨论,有消息称，国际足联“抗疫”工作组,有消息称，国际足联“抗疫”工作组,,
8122,同意,北京时间3月30日,北京时间3月30日,3月30日,北京时间3月30日
8123,降低,早前意甲班霸尤文图斯官宣俱乐部,早前意甲班霸尤文图斯官宣俱乐部,,
8124,减少,《罗马体育报》甚至透露C罗会直接减少400万欧元的工资,《罗马体育报》甚至透露C罗会直接减少400万欧元的工资,,
8128,夺得,2005年到2009年期间，迪乌夫,2005年到2009年期间，迪乌夫出任马赛,2005年,2005年到
8129,支付,为了缓解俱乐部的财政危机，南美洲足联,为了缓解俱乐部的财政危机，南美洲足联,,为了缓解俱乐部的财政危机，南美洲足联
8130,宣布,中新网4月2日电当地时间4月1日，欧足联,中新网4月2日电当地时间4月1日，欧足联官网发表声明,中新网4月2日电当地时间4月1日,中新网4月2日电当地时间4月1日，欧足联
8131,关注,2018年俄罗斯世界杯期间，法国捧起大力神杯，赛彦虹,2018年俄罗斯世界杯期间，法国捧起大力神杯，赛彦虹,2018年,2018
8132,开启,法甲保级球队亚眠,法甲保级球队亚眠,法甲保级球队亚眠在19日,法甲保级球队亚眠
8132,宣布,法甲保级球队亚眠,法甲保级球队亚眠,法甲保级球队亚眠在19日,法甲保级球队亚眠
8133,启动,而后马竞,而后马竞和中国球员武磊所在的西班牙人队也先后宣布启动“临时雇佣条例,,
8135,发布,星岛环球网消息：中新网报道，北京时间1日晚，中国球员武磊,星岛环球网消息：中新网报道，北京时间1日晚,星岛环球网消息：中新网报道，北京时间1日,星岛环球网消息：中新网报道，北京时间1日
8138,制定,”除此之外，武磊,”除此之外，武磊,,
8139,接受,俱乐部CEO布雷克、一线队技术总监休斯以及助教廷德尔也主动接受大幅降薪,俱乐部CEO布雷克,,
8140,执行,而热刺、纽卡斯尔和诺维奇,而热刺、纽卡斯尔和诺维奇则宣布执行英国“休假计划,,
8143,参与,由于在皇马学院,由于在皇马学院,,由于在皇马学院
8146,设立,香港机场,香港机场的转机服务,,香港机场的转机服务
8148,接受,据国内媒体报道，近日，广州恒大外援塔利斯卡,据国内媒体报道，近日，广州恒大外援塔利斯卡,,据国内媒体报道，近日，广州恒大外援塔利斯卡
8150,宣布,比如意甲豪门尤文图斯,比如意甲豪门尤文图斯,,
8151,召开,田岛幸三已经于今天出院，他在网上召开了记者发布会,田岛幸三已经于今天出院，他在网上召开了记者发布会,,田岛幸三已经于今天出院，他在网上召开了记者发布会
8152,暂停,由于新冠肺炎疫情影响，本赛季欧洲足坛的各大赛事,,,
8153,发布,来自C罗,来自C罗个人社交媒体日前，C罗在个人社交媒体上发布了一段剪发视频,,来自C罗
8159,举办,资料图：沃克,资料图：沃克,,资料图：沃克
8161,返回,球队教练员、球员及工作人员在领到隔离解除通知书,球队教练员、球员及工作人员在领到隔离解除通知书,4月6日,球队教练员、球员及工作人员在领到隔离解除通知书
8162,返回,在领到隔离解除通知书,在领到隔离解除通知书,在领到隔离解除通知书,在领到隔离解除通知书
8165,同意,巴塞罗那一线球员,巴塞罗那一线球员,,
8165,接受,巴塞罗那一线球员,巴塞罗那一线球员,,
8165,放弃,巴塞罗那一线球员,巴塞罗那一线球员,,
8169,设立,回望中国足坛,回望中国足坛摸索职业联赛,,
8173,支付,他支付了160万美元,为此他支付了160万美元的保证金,,为此他支付了160万美元的保证金
8174,到达,世界杯之后的一年，小罗,世界杯之后的一年，小罗,,世界杯之后的一年，小罗
8175,宣布,中新网客户端4月7日电北京时间7日,中新网客户端4月7日电北京时间7日，英超利物浦俱乐部CEO彼得-摩尔发布公开信,中新网客户端4月7日电北京时间7日,中新网客户端4月7日电北京时间7日
8181,发布,奥里耶,而奥里耶,,奥里耶
8185,发布,问：日前，世界卫生组织总干事,问：日前，世界卫生组织总干事,,
8186,交换,中国同世卫组织,中国同世卫组织,,中国同世卫组织
8187,参与,我国专家,我国专家,,我国专家
8187,介绍,我国专家,我国专家,,我国专家
8188,提出,该委员会,该委员会,,
8191,印发,中央纪委国家监委,中央纪委国家监委,,
8193,减少,2月11日,2月11日,2月11日,2月11日
8193,增加,2月11日,2月11日,2月11日,2月11日
8203,导致,在某些方面，这次疫情,在某些方面，这次疫情,在某些方面，这次疫情,
8209,举行,几人,几人做真做，也累千万不要模仿圣人,,几人做真做，也累千万不要模仿圣人
8212,举行,深圳晚报讯（记者杨慧实习生杨斯琦）2019年7月6日下午,深圳晚报讯（记者杨慧实习生杨斯琦）2019年7月6日下午,2019年7月6日下午,2019年7月6日下午
8216,发表,目前，《深圳晚报》,目前，《深圳晚报》《新快报》《香港商,,目前，《深圳晚报》《新快报》《香港商
8220,发表,目前，《深圳晚报》,目前，《深圳晚报》,,目前，《深圳晚报》
8224,出任,2016年1月，吴再,2016年1月,2016年1月,2016年1月
8228,增加,世卫组织,世卫组织每日疫情报告,世卫组织每日疫情报告,
8228,增加,世卫组织,世卫组织每日疫情报告,世卫组织每日疫情报告,
8229,发生,1998年1月6日,1998年1月6日,1998年1月6日,1998年1月6日，原丽水市公安局
8230,开展,案发后，原丽水市公安局,案发后，原丽水市公安局,,案发后，原丽水市公安局
8230,组织,案发后，原丽水市公安局,案发后，原丽水市公安局,,案发后，原丽水市公安局
8233,达到,张广鹏,张广鹏介绍，从3月20日,3月20日,
8236,接到,记者在采访中发现，广州市不少医院,记者在采访中发现，广州市不少医院开通了免费心理咨询热线,,记者在采访中发现，广州市不少医院
8239,播报,朱傲冰、任超等多位志愿者,朱傲冰、任超等多位志愿者,,朱傲冰、任超等多位志愿者
8239,成为,朱傲冰、任超等多位志愿者,朱傲冰、任超等多位志愿者,,朱傲冰、任超等多位志愿者
8239,通过,朱傲冰、任超等多位志愿者,朱傲冰、任超等多位志愿者,,朱傲冰、任超等多位志愿者
8242,造成,最高检联合公安部,最高检联合公安部发布涉境外输入型疫情防控典型案例,,
8243,乘,2月29日，郭某鹏,2月29日，郭某鹏,2月29日,2月29日，郭某鹏
8243,到达,2月29日，郭某鹏,2月29日,2月29日,2月29日，郭某鹏
8244,发布,3月6日,3月6日,3月6日,3月6日
8245,发现,3月10日8时许，郑州市公安局大学路分局民警在工作中发现郭某鹏,3月10日8时许，郑州市公安局大学路分局民警,3月10日8时许,3月10日8时许，郑州市公安局大学路分局民警
8248,开展,市司法局,市司法局组织全市各级法律援助机构,,
8249,开展,此外，全市各级司法行政机关,此外，全市各级司法行政机关,,
8251,参与,经蒋爱国安排，新晃公安局,经蒋爱国安排，新晃公安局,,经蒋爱国安排，新晃公安局
8251,成立,经蒋爱国安排，新晃公安局,经蒋爱国安排，新晃公安局,,经蒋爱国安排，新晃公安局
8252,指导,怀化市公安局邓水生,怀化市公安局邓水生,,怀化市公安局邓水生
8255,发布,而在此前的1月31日,而在此前的1月31日,1月31日,而在此前的1月31日
8256,投入,据了解，当时浑水,据了解，当时浑水在瑞幸咖啡全国门店,,据了解，当时浑水
8258,致电,针对以上管理公司参与瑞幸咖啡门店客流调查问题，红星资本局,针对以上管理公司参与瑞幸咖啡门店客流调查问题，红星资本局,,
8259,终止,中新网成都4月3日电(记者刘忠俊)四川省应急管理厅,中新网成都4月3日电(记者刘忠俊)四川省应急管理厅,中新网成都4月3日电(记者刘忠俊,中新网成都4月3日电(记者刘忠俊)四川省应急管理厅
8260,启动,2020年4月1日20时23分，甘孜州石渠县发生5.6级地震，四川省应急管理厅,2020年4月1日20时23分，甘孜州石渠县发生5.6级地震，四川省应急管理厅,2020年4月1日20时23分,2020年4月1日20时23分，甘孜州石渠县
8260,发生,2020年4月1日20时23分，甘孜州石渠县,2020年4月1日20时23分，甘孜州石渠县,2020年4月1日20时23分,2020年4月1日20时23分，甘孜州石渠县
8263,致电,关于钟院士何时出诊以及如何安排，健康时报记者,关于钟院士何时出诊以及如何安排，健康时报记者,,关于钟院士何时出诊以及如何安排，健康时报记者
8265,告诉,2003年,2003年,2003年,2003年
8265,前往,2003年,2003年,2003年,2003年
8266,执行,今天上午，遵照最高人民法院,今天上午，遵照最高人民法院下达的执行死刑,,今天上午，遵照最高人民法院下达的执行死刑命令
8267,实施,昆明市消防支队,昆明市消防支队,昆明市消防支队,昆明市消防支队
8267,发生,昆明市消防支队,昆明市消防支队,昆明市消防支队,昆明市消防支队
8268,通报,今天下午,今天下午,今天下午,今天下午
8269,组织,3月21日，莉莉,3月21日,3月21日,3月21日
8273,接受,时隔6天后，阿慧,时隔6天后，阿慧,,
8274,接受,2月11日，小苹,2月11日,2月11日,2月11日，小苹
8275,作出,民意街工委和纪工委,民意街工委和纪工委,,
8276,提出,△案件再审相关文书,△案件再审相关文书“我举报2010年孙大强交通肇事的案件,△案件再审相关文书“我举报20,△案件再审相关文书
8276,促使,△案件再审相关文书,△案件再审相关文书“我举报2010年孙大强交通肇事的案件,△案件再审相关文书“我举报20,△案件再审相关文书
8278,提出,2019年12月3日，东海县检察院,2019年12月3日,2019年12月3日,2019年12月3日，东海县检察院
8278,提出,2019年12月3日，东海县检察院,2019年12月3日,2019年12月3日,2019年12月3日，东海县检察院
8279,调查,与此同时，所罗门群岛海事局,与此同时，所罗门群岛海事局,,
8280,组织,原标题：杭州野生动物园,原标题：杭州野生动物园就网传信息发布辟谣声明,原标题：杭州野生动物园,原标题：杭州野生动物园就网传信息发布辟谣声明
8280,发布,原标题：杭州野生动物园就网传信息发布辟谣声明,原标题：杭州野生动物园就网传信息发布辟谣声明,原标题：杭州野生动物园就网传信息,原标题：杭州野生动物园就网传信息发布辟谣声明
8284,展示,他告诉《中国新闻周刊》，到达目的地后，他,他告诉《中国新闻周刊》，到达目的地后，他住,,他告诉《中国新闻周刊》，到达目的地后，他住
8285,减少,红河学院生命科学与技术学院副教授王剑告诉《中国新闻周刊》，绿孔雀,红河学院生命科学与技术学院副教授王剑告诉《中国新闻周刊》，绿孔雀,,红河学院生命科学与技术学院副教授王剑
8286,发布,2017年5月22日,2017年5月22日,2017年5月22日,2017年5月22日
8287,找到,这阵阵鸣声,这阵阵鸣声,,
8288,发布,2018年6月29日，云南省政府,2018年6月29日,2018年6月29日,2018年6月29日
8289,开展,2017年7月21日，原环保部,2017年7月21日，原环保部,2017年7月21日,2017年7月21日，原环保部
8291,进入,楚雄中院立案受理的当月，他们,楚雄中院立案受理的当月，他们就选择沿着红河探险漂流,,楚雄中院立案受理的当月，他们就选择沿着红河探险漂流
8291,选择,楚雄中院立案受理的当月，他们,楚雄中院,,楚雄中院
8292,建立,2003年4月9日，楚雄州政府,2003年4月9日,2003年4月9日,2003年4月9日，楚雄州政府
8293,开展,昆明设计院,昆明设计院,,
8295,发现,原告专家证人、中国科学院昆明植物研究所博士刘健,原告专家证人、中国科学院昆明植物研究所博士刘健,,原告专家证人、中国科学院昆明植物研究所博士刘健
8300,关注,谢富杰,整个春节，谢富杰,,
8302,发布,2018年，广西扶贫办,2018年，广西扶贫办,2018年，广西扶贫办,2018年，广西扶贫办
8305,发展,贫困户,,,
8305,投入,贫困户,贫困户投入5000元,,
8306,选择,古等村,古等村,,古等村地处广西
8307,告诉,”谢富杰,谢富杰,,
8309,制定,不管是家禽还是家畜，农业农村部,不管是家禽还是家畜，农业农村部,,
8309,制定,不管是家禽还是家畜，农业农村部,不管是家禽还是家畜，农业农村部,,
8310,形成,自治区质量技术监督局,尽管自治区质量技术监督局,,
8313,发生,原标题：南充一男子刺伤前妻及前妻现任丈夫后坠亡4月5日,原标题：南充一男子刺伤前妻及前妻现任丈夫后坠亡4月5日,原标题：南充一男,原标题：南充一男子刺伤前妻及前妻现任丈夫后坠亡
8314,发生,4月5日晚,4月5日,4月5日,4月5日
8315,发现,（原标题：这个留学生,（原标题：这个留学生,,（原标题：这个留学生
8320,发现,4月6日,4月6日,4月6日,4月6日
8321,迎来,媒体报道称，黄山风景区,媒体报道称，黄山风景区,2月21日,媒体报道称，黄山风景区
8322,开展,在此前提下，针对安徽省内市民，黄山市,在此前提下，针对安徽省内市民，黄山市,在此前提下，针对安徽省内市民，黄山市,在此前提下，针对安徽省内市民，黄山市
8324,参与,此外，南方航空护林总站,此外，南方航空护林总站,,
8324,派出,此外，南方航空护林总站,此外，南方航空护林总站,,
8326,公布,”90后三年来立遗嘱人数翻近3倍3月28日,”90后三年来立遗嘱人数翻近3倍3月28日,3月28日,”90后三年来立遗嘱人数翻近3倍
8326,发布,”90后三年来立遗嘱人数翻近3倍3月28日，中华遗嘱库,”90后三年来立遗嘱人数翻近3倍3月28日,3月28日,”90后三年来立遗嘱人数翻近3倍
8327,发布,此次中华遗嘱库,此次中华遗嘱库,,
8327,呈现,此次中华遗嘱库,此次中华遗嘱库,,
8328,发布,而同时，武汉市新冠肺炎疫情防控指挥部,而同时，武汉市新冠肺炎疫情防控指挥部,,而同时，武汉市新冠肺炎疫情防控指挥部
8329,推出,从3月12日开始，央视财经新媒体,3月12日开始，央视财经新媒体,3月12日,3月12日开始，央视财经新媒体
8330,分享,稍微大一些,稍微大一些,,
8331,发生,4月6日15时5分,4月6日,4月6日,4月6
8332,展开,案发后，准格尔旗公安局立即启动命案侦破机制,准格尔旗公安局立即启动命案侦破机制,,案发后，准格尔旗公安局立即启动命案侦破机制
8333,发现,泰国警方,泰国警方,,
8334,增加,泰国公共卫生部,泰国公共卫生部,泰国公共卫生部,
8336,发布,2月24日15时07分，武汉,2月24日15时07分,2月24日,2月24日15时07
8337,抱走,星岛环球网消息：河南南一间酒店大厅，发生一起裸女,星岛环球网消息：河南南一间酒店大厅，发生一起裸女,,星岛环球网消息：河南南一间酒店大厅，发生一起裸女
8337,发生,星岛环球网消息：河南南一间酒店大厅，发生一起裸女围浴巾点泡面又偷猫的事件,星岛环球网消息：河南南一间酒店大厅，发生一起裸女围浴巾点泡面又偷猫的事件,,星岛环球网消息：河南南一间酒店大厅，发生一起裸女
8338,发现,前几天，黄女,前几天，黄女,前几天，黄女,前几天，黄女
8342,发生,据当地消防知情人士介绍，事发现场,据当地消防知情人士介绍，事发现场,,
8345,发布,（原标题：“禁野令,（原标题：“禁野令”下，东北林蛙养殖业何去何从,（原标题：“禁野令,（原标题：“禁野令”下，东北林蛙养殖业何去何从
8346,推出,2月16日,2月16日,2月16日,2月16日，蛙类养殖专业委员会
8349,成立,中国野生动物保护协会养殖专业委员会,在此基础上，授权中国野生动物保护协会养殖专业委员会,,
8350,成立,”中国野生动物保护协会副会长李青文,”中国野生动物保护协会副会长李青文,,
8351,制定,此外，委员会,此外，委员会,,此外，委员会
8352,授予,在赵文阁等三人的主导下，蛙类专业委员会,在赵文阁等三人的主导下，蛙类专业委员会举办过多期养殖技术培训班,,在赵文阁等三人的主导下，蛙类专业委员会
8352,评选,在赵文阁等三人的主导下，蛙类专业委员会,在赵文阁等三人的主导下，蛙类专业委员会举办过多期养殖技术培训班,,在赵文阁等三人的主导下，蛙类专业委员会
8352,举办,在赵文阁等三人的主导下，蛙类专业委员会,在赵文阁等三人的主导下，蛙类专业委员会,,在赵文阁等三人的主导下，蛙类专业委员会
8354,发布,报道发出第二天，黑龙江省政府办公厅,报道发出第二天，黑龙江省政府办公厅,,报道发出第二天，黑龙江省政府办公厅
8355,写了,为此，中国工程院院士,为此，中国工程院院士、东北林业大学野生动物资源学院名誉院长马建章,,为此，中国工程院院士
8356,发现,马建章,马建章表示，2018年11月18日,2018年11月18日,马建章表示，2018年11月18日
8357,成立,从“学会”到“产业协会”2018年10月，中国野生动物保护协会,从“学会”到“产业协会”2018年10月,从“学会”到“产业协会”2018年10月,从“学会”到“产业协会
8359,推出,3月22日，央视财经频道,3月22日,3月22日,3月22日，央视财经频道
8362,恢复,3月25日，武汉市内117条公交线路恢复运营,3月25日,3月25日,3月25日
8363,恢复,工人,工人一点点减少,,
8363,撤离,工人,,,
8363,复工,工人,,,
8365,开展,事故发生后，酒泉、玉门两地公安交管部门、应急救援力量,事故发生后，酒泉、玉门两地公安交管部门、应急救援力量,,事故发生后，酒泉、玉门两地公安交管部门
8365,赶赴,事故发生后，酒泉、玉门两地公安交管部门、应急救援力量,事故发生后，酒泉、玉门两地公安交管部门、应急救援力量,,事故发生后，酒泉、玉门两地公安交管部门
8367,发现,1970年,1970年，NASA发,1970年,1970年，NASA发
8367,发射,1970年，NASA,1970年，NASA,1970年,1970年，NASA
8368,发生,另有研究显示，1995年3月,另有研究显示，1995年3月,另有研究显示，1995年3月,另有研究显示，1995年3月
8368,患上,另有研究显示，1995年3月,另有研究显示，1995年3月,另有研究显示，1995年3月,另有研究显示，1995年3月
8371,发现,3月6日，江苏省常熟市市场监管局,3月6日,3月6日,3月6日，江苏省常熟市市场监管局
8373,移交,天津市市场监管委,天津市市场监管委,,天津市市场监管委
8374,开展,泰州市市场监管局,泰州市市场监管局立即会同公安机关,,泰州市市场监管局立即会同公安机关
8375,恢复,“封城”76天后，武汉,“封城”76天后，武汉,,“封城”76天后
8376,驶过,1地面和空气在震动,1地面和空气在震动,3月23日,1地面和空气在震动
8377,恢复,3月21日，员工,3月21日,3月21日,3月21日，员工
8378,恢复,对武汉,2对武汉来说，3月28日,2对武汉来说，3月28日,2对武汉来说，3月28日
8379,补充,一名火车站工作人员,一名火车站工作人员,,一名火车站工作人员
8379,喊了一句“欢迎回武汉”，随后又补充,一名火车站工作人员,,,
8380,恢复,3月30日,3月30日,3月30日,3月30日
8384,建立,为了教学管理方便，老师和家长,为了教学管理方便,,
8385,印发,”苗生明,”苗生明表示，2月10日,2月10日,”苗生明表示，2月10日
8386,批准,广西壮族自治区人民检察院,广西壮族自治区人民检察院4月8日,广西壮族自治区人民检察院4月8日,广西壮族自治区人民检察院
8387,发生,玉林市公安局玉州分局微信公号“平安玉州和谐家园,玉林市公安局玉州分局,玉林市公安局玉州分局,玉林市公安局玉州分局
8388,恢复,日前武汉婚姻登记机构,日前武汉婚姻登记机构,,日前武汉婚姻登记机构
8389,获取,”办案民警介绍，吉林市公安局,”办案民警介绍，吉林市公安局,,”办案民警介绍，吉林市公安局
8390,成立,由于案情重大，吉林市警方,由于案情重大，吉林市警方,,由于案情重大，吉林市警方
8391,逗留,办案民警在侦查中发现，吉林省榆树市涉案人员张某,,,办案民警在侦查中发现，吉林省榆树市涉案人员张某
8392,死亡,”受访者供图一审法院：死者,,”受访者供图一审法院：死者,
8392,发生,”受访者供图一审法院：死者生前多次求医遭拒新京报此前报道，53岁男子俞伟国酒后,”受访者供图一审法院：死者生前多次求医遭拒新京报此前报道，53岁男子俞伟国酒后,”受访者供图一审法院：死者,”受访者供图一审法院：死者生前多次求医遭拒
8392,传唤,”受访者供图一审法院：死者生前多次求医遭拒新京报此前报道，53岁男子俞伟国酒后,”受访者供图一审法院：死者生前多次求医遭拒新京报此前报道，53岁男子俞伟国酒后,”受访者供图一审法院：死者,”受访者供图一审法院：死者生前多次求医遭拒
8393,拒绝,”判决书显示，视频录像中，俞伟国,”判决书,,
8393,提出,”判决书,”判决书,,
8395,提出,”鄞州区检察院,”鄞州区检察院出具的《抗诉请求答复书,,”鄞州区检察院
8396,提交,”对于该结果，今日上午，俞伟国,”对于该结果,,”对于该结果
8398,接受,经初步了解，该车驾驶人董某,经初步了解，该车驾驶人董某,,经初步了解，该车驾驶人董某
8399,解除,今日零时起，武汉市,今日零时起，武汉市,,今日零时起，武汉市
8400,恢复,在倒计时的日子里，武汉各项筹备工作也已准备就绪：3月24日,在倒计时的日子里，武汉各项筹备工作也已准备就绪：3月24日,在倒计时的日子,在倒计时的日子
8400,恢复,在倒计时的日子里，武汉各项筹备工作也已准备就绪：3月24日,在倒计时的日子里，武汉各项筹备工作也已准备就绪：3月24日,在倒计时的日子,在倒计时的日子
8400,进行,在倒计时的日子里，武汉各项筹备工作也已准备就绪：3月24日,在倒计时的日子里，武汉各项筹备工作也已准备就绪：3月24日,在倒计时的日子,在倒计时的日子
8400,筹备工作,在倒计时的日子里，武汉,,在倒计时的日子里，武汉各项筹备工作,在倒计时的日子里，武汉各项筹备工作
8401,建立,我们看到，经过两个多月的艰苦鏖战，武汉,我们看到，经过两个多月的艰苦鏖战，武汉,,我们看到
8402,恢复,连日来，武汉市,连日来，武汉市内多家商场、购物中心,,连日来，武汉市内多家商场、购物中心
8403,恢复,在疫情,在疫情,,在疫情
8404,恢复,武夷山风景名胜区,武夷山风景名胜区,武夷山风景名胜区8日,武夷山风景名胜区8日恢复开放
8405,开展,武夷山市文化体育和旅游局局长邓崇慧介绍说，开园前，武夷山市,武夷山市文化体育和旅游局局长邓崇慧介绍说，开园前，武夷山市,,武夷山市文化体育和旅游局局长邓崇慧
8406,恢复,厦门航空有限公司,厦门航空有限公司,,厦门航空有限公司
8406,披露,厦门航空有限公司,厦门航空有限公司,,厦门航空有限公司
8407,分享,中国及时主动同世卫组织,中国及时主动同世卫组织,,
8408,举行,国民党包括党中央及“立法院”党团,国民党包括党中央及“立法院”党团,国民党包括党中央及“立法院”党团，7日,国民党包括党中央及“立法院”党团
8410,发布,对标微信5,对标微信5,,
8414,开发,三星则正基于运营商最新规范,三星则正基于运营商最新规范,,
8415,告诉,李女士在网上曝光此事后，潘某,李女士在网上曝光此事后，潘某,,
8415,曝光,李女士,李女士,,
8416,接过,▲李女士在微博上报告潘某,▲李女士在微博上报告潘某让其拍摄儿童私密照,▲李女士在微博上报告潘某,▲李女士在微博上报告潘某让其拍摄儿童私密照
8418,添加,被曝要求家长拍摄宝宝光着屁股的照片,被曝要求家长拍摄宝宝光着屁股的照片,,
8418,联系,被曝要求家长拍摄宝宝光着屁股的照片,被曝要求家长拍摄宝宝光着屁股的照片,,
8419,拍摄,李女士,,李女士,
8422,曝光,有网友称潘某,,有网友称潘某,
8422,要求,有网友称潘某,有网友称潘某有恋童癖,有网友称潘某,
8422,拍摄,有网友称潘某,,有网友称潘某,
8423,调整,海底捞,海底捞的工作人员对此回应称，目前海底捞,,
8424,公布,3月2日,3月2日,3月2日,3月2日
8424,推出,3月2日,3月2日,3月2日,3月2日
8424,发放,3月2日,3月2日,3月2日,3月2日
8424,宣布,3月2日,3月2日,3月2日,3月2日
8426,参与,台湾地区,台湾地区在马英九执政时期,,台湾地区在马英九执政时期
8427,成为,而马英九在担,而马英九在担,而马英九在担,而马英九在担
8432,收留,国民党主席连战私人掏腰包，成立智库,国民党主席连战私人掏腰包，成立智库,,
8433,反制,（中评社黄筱筠摄）,,（中评社黄筱筠摄）,
8434,主持,她指出，前时代力量“立委”黄国昌,她指出，前时代力量“立委”黄国昌,,她指出，前时代力量“立委”黄国昌
8435,召开,民进党高雄市议会党团干事长陈致中率多位绿营议员召开记者会,民进党高雄市议会党团干事长陈致中率多位绿营议员召开记者会,,民进党高雄市议会党团干事长陈致中
8436,递送,（中评社高易伸摄）,（中评社高易伸摄）星岛环球网,（中评社高易伸摄）,（中评社高易伸摄）
8436,启动,（中评社高易伸摄）,（中评社高易伸摄）星岛环球网,（中评社高易伸摄）,（中评社高易伸摄）
8437,召开,对此，民进党高雄市议会党团干事长陈致中,对此，民进党高雄市议会党团干事长陈致中,,对此，民进党高雄市议会党团干事长陈致中
8438,启动,陈致中说，韩国瑜启动法律战,陈致中说，韩国瑜启动法律战,,
8443,接受,屏东大学教务长施百俊,屏东大学教务长施百俊接受媒体采访,,
8444,公布,星岛环球网,星岛环球网,星岛环球网,星岛环球网
8446,启动,星岛环球网,星岛环球网,,星岛环球网
8450,规划,蔡英文,蔡英文4月1日,蔡英文4月1日,蔡英文
8450,宣布,蔡英文,蔡英文4月1日,4月1日,蔡英文
8456,出席,民进党主席卓荣泰,民进党主席卓荣泰出席中常会,,民进党主席卓荣泰出席中常会
8458,指责,环球时报总编胡锡进对此发文指出：原来，台湾绿营媒体,环球时报总编胡锡进对此发文指出：原来，台湾绿营媒体,,
8458,宣称,环球时报总编胡锡进对此发文指出：原来，台湾绿营媒体,环球时报总编胡锡进对此发文指出：原来，台湾绿营媒体,,
8459,要求,星岛环球网,星岛环球网,（图片来源：台湾“中时电子报”）,星岛环球网
8460,影响,新冠肺炎疫情,新冠肺炎疫情,,
8462,出席,国民党主席江启臣,国民党主席江启臣戴上口罩出席中常会,,国民党主席江启臣戴上口罩出席中常会
8464,吸引,针对罢免案，韩国瑜,针对罢免案，韩国瑜,,针对罢免案，韩国瑜
8464,视察,针对罢免案，韩国瑜,,,针对罢免案，韩国瑜
8466,建议,江启臣表示，国民党也透过“立院”党团,江启臣表示，国民党也透过“立院”党团,,
8467,发布,湖北台湾同胞返台后援会长徐正文,湖北台湾同胞返台后援会长徐正文,湖北台湾同胞返台后援会长徐正文8日,湖北台湾同胞返台后援会长徐正文
8469,呈递,活动结束，蔡英文,活动结束，蔡英文接受媒体联访，媒体问到公民团体,,活动结束，蔡英文
8469,接受,蔡英文,活动结束，蔡英文,,蔡英文
8475,回应,柯文哲受访时被问到“中央”相关的防疫政策，柯文哲,柯文哲受访时被问到“中央”相关的防疫政策,,
8477,接受,星岛环球网,星岛环球网消息：中评社高雄4月9日电（记者蒋继平,,星岛环球网消息：中评社高雄4月9日电（记者蒋继平
8477,启动,星岛环球网,星岛环球网消息：中评社高雄4月9日电（记者蒋继平,,星岛环球网
8479,发生,台湾花莲县海域发生4.4级地震,台湾花莲县海域发生4.4级地震,,台湾花莲县海域发生4.4级地震
8480,接受,前高雄市新闻局长王浅秋,前高雄市新闻局长王浅秋,,前高雄市新闻局长王浅秋
8481,偷跑,星岛环球网消息：中评社台北4月9日电／高雄市前新闻局长王浅秋,,,
8482,接受,高雄市前新闻局长王浅秋,高雄市前新闻局长王浅秋,高雄市前新闻局长王浅秋8日,高雄市前新闻局长王浅秋
8483,接任,星岛环球网,星岛环球网,星岛环球网,星岛环球网
8486,发表,台湾大华网络报,台湾大华网络报9日,台湾大华网络报9日,台湾大华网络报9日
8488,发表,(资料照片)星岛环球网,(资料照片)星岛环球网,,(资料照片)星岛环球网
8489,建立,中山先生,中山先生,,
8490,接受,（中评社郑羿菲摄）星岛环球网,（中评社郑羿菲摄）星岛环球网,,
8494,接受,星岛环球网消息：中评社高雄4月9日电（记者蒋继平,星岛环球网消息：中评社高雄4月9日电（记者蒋继平,星岛环球网,星岛环球网消息：中评社高雄4月9日电（记者蒋继平
8494,举办,星岛环球网消息：中评社高雄4月9日电（记者蒋继平,星岛环球网消息：中评社高雄4月9日电（记者蒋继平,星岛环球网,星岛环球网消息：中评社高雄4月9日电（记者蒋继平
8494,接受,星岛环球网,星岛环球网消息：中评社高雄4月9日电（记者蒋继平,星岛环球网,星岛环球网消息：中评社高雄4月9日电（记者蒋继平
8498,选择,对于为何会有机会促成公听会，陈清茂,对于为何会有机会促成公听会，陈清茂,,对于为何会有机会促成公听会
8499,接受,陈清茂,陈清茂,,
8502,支持,（中评社资料照）星岛环球网,（中评社资料照）星岛环球网,（中评社资料照）星岛环球网,（中评社资料照）星岛环球网
8502,报道,星岛环球网,（中评社资料照）星岛环球网,（中评社资料照）星岛环球网,（中评社资料照）星岛环球网
8503,散布,NHK记者,NHK记者在节目中指出，“在选战中，我们,,
8504,出席,去年12月韩国瑜,”NHK举去年12月韩国瑜出席一场宝宝爬行赛活动,”NHK举去年12月,”NHK举去年12月韩国瑜出席一场宝宝爬行赛活动
8506,举行,日前台湾疫情指挥中心推出了“社交距离”的新禁令,日前台湾疫情指挥中心推出了“社交距离”的新禁令,,日前台湾疫情指挥中心推出了“社交距离”的新禁令
8506,推出,日前台湾疫情指挥中心推出了“社交距离”的新禁令,日前台湾疫情指挥中心推出了“社交距离”的新禁令,,
8508,接受,绿委赵天麟接受媒体采访,绿委赵天麟接受媒体采访,,
8510,增强,台湾疫情指挥中心日前增强防疫措施,台湾疫情指挥中心日前增强防疫措施,,
8511,增加,民进党当局,民进党当局增强防疫措施,,
8511,增强,民进党当局,民进党当局增强防疫措施,,
8512,停业,黄珊珊,,,
8513,排队,口罩,口罩两周购买9片,口罩两周购买9片,口罩两周购买9片
8515,进行,“外交部,“外交部”今天举行“单位主管例行新闻说明会,,“外交部”今天举行“单位主管例行新闻说明会
8515,出席,“外交部,“外交部”今天举行“单位主管例行新闻说明会,,“外交部”今天举行“单位主管例行新闻说明会
8516,停止,在清明全国哀悼日期间，部分台湾网友,在清明全国哀悼日期间，部分台湾网友,,在清明全国哀悼日期间，部分台湾网友
8516,宣布,在清明全国哀悼日期间，部分台湾网友,在清明全国哀悼日期间，部分台湾网友,,在清明全国哀悼日期间，部分台湾网友
8517,举行,我们都知道，国务院,我们都知道，国务院3日发表公告,我们都知道，国务院3日,我们都知道，国务院3日发表公告
8520,召开,国民党,国民党召开“护健康，救经济，纾困振兴方案总体检”第二场记者会,,国民党
8521,出席,国民党今日召开“护健康，救经济，纾困振兴方案总体检”第二场记者会,国民党今日召开“护健康，救经济，纾困振兴方案总体检”第二场记者会,,国民党
8521,召开,国民党,国民党今日召开“护健康，救经济，纾困振兴方案总体检”第二场记者会,,国民党今日
8522,推出,台湾《中国时报》评论指出，云南广播电视台,台湾《中国时报》评论指出，云南广播电视台,,
8524,举行,（中评社倪鸿祥摄）,（中评社倪鸿祥摄）星岛环球网,,（中评社倪鸿祥摄）星岛环球网
8526,发生,5年时间，獐子岛的扇贝已发生了三次“跑路”事件,5年时间，獐子岛的扇贝已发生了三次“跑路”事件,,5年时间，獐子岛的扇贝已发生了三次“跑路”事件
8528,建成,上世纪80年代,上世纪80年代,上世纪80年代,上世纪80年代
8531,减少,2017年,2017年,2017年,
8533,干起,2016年，高北,2016年,2016年,2016年，高北选择离开獐子岛公司
8534,离开,李国,李国告诉记者，上世纪90年代初,李国告诉记者，上世纪90年代初,李国告诉记者，上世纪90年代初
8535,带来,不过，“獐子岛扇贝的故事”,不过，“獐子岛扇贝的故事,,不过，“獐子岛扇贝的故事
8536,参加,2018年10月，深圳市教育局,2018年10月,2018年10月,2018年10月，深圳市教育局
8537,组织,深圳某义工机构,2019年，深圳某义工机构,2019年，深圳某义工机构,2019年，深圳某义工机构
8541,鼓励,深圳市,深圳市此前的教学改革,深圳市此前的教学改革,深圳市
8541,给予,深圳市,深圳市此前的教学改革,深圳市此前的教学改革,深圳市
8542,体验,自从2018年10月,自从2018年10月,2018年10月,自从2018年10月
8544,推进,深圳市教育局主办的综评工作推进部署会,2019年10月30日，深圳市教育局主办的综评工作推进部署会,2019年10月30日,2019年10月3
8546,发布,12月27日,12月27日,12月27日,12月27日
8549,拍摄,姚帅,,,
8551,成立,10月15日,10月15日,10月15日,10月15日
8554,论证,”重庆大学教育发展基金会官方网站曾在4年前,”重庆大学教育发展基金会,”重庆大学教育发展基金会,”重庆大学教育发展基金会
8557,接受,他,他接受《中国新闻周刊》采访时,,他接
8559,召来,吴应骑,吴应骑曾,吴应骑曾,吴应骑曾
8561,接受,美术史系‘研究生班,美术史系‘研究生班’只有9个名额限制,,
8565,接受,”2007年11月的重庆创意产业活动周上，吴,”2007年11月的重庆创意产业活动周,”2007年11月,”2007年11月的重庆创意产业活动周
8567,拍出,2003年，画家高小华的《赶火车》,,2003年,
8569,参加,2013年6月，吴应骑,2013年6月，吴应骑,2013年6月,2013年6月，吴应骑
8570,申请,9958华西执行团队摄2017年11月某日下午3点，程海波,9958,9958,9958
8573,选择,鼻血流了三个月,鼻血流了三个月,,
8574,选择,下沉市场里的商业竞争三个月前，林丰,下沉市场里的商业竞争,,下沉市场里的商业竞争
8582,带来,余太给彭梓嘉,余太给彭梓嘉,,
8583,拘捕,有暴力示威者,,,
8583,发射,有暴力示威者,有暴力示威者,,
8583,对峙,有暴力示威者,,,
8585,带来,”维多利亚港，听歌的粉丝们,”维多利亚港，听歌的粉丝们,,”维多利亚港，听歌的粉丝们
8587,启动,江西启动了重大突发公共卫生一级响应,那一天是大年三十,,那一天是大年三十
8588,找,格外空阔的八一大道初二：小区里发现了一辆鄂牌车,格外空阔的八一大道初二：小区里发现了一辆鄂牌车,格外空阔的八一大道初二,格外空阔的八一大道初二：小区里发现了一辆鄂牌车
8592,接受,在历经了持续一周多的“海上漂流”后，终于，2月12日,在历经了持续一周多的“海上漂流”后，终于，2月12日,2月12日,在历经了持续一周多的“海上漂流
8593,接受,根据船舶追踪服务网站M,根据船舶追踪服务网站M,根据船舶追踪服务网站M,根据船舶追踪服务网站M
8594,离开,汉森,汉森拍摄了一组越南的黄昏照片,,汉森拍摄了一组越南的黄昏照片
8596,登船,”2月1日,,2月1日,”2月1日
8598,接受,2月4日,2月4日,2月4日,2月4日
8598,抵达,2月4日,2月4日,2月4日,2月4日
8600,升级,台湾“中央流行疫情指挥中心,当天，台湾“中央流行疫情指挥中心”紧急召开了专家咨询会议,,
8600,召开,当天，台湾“中央流行疫情指挥中心”紧急召开了专家咨询会议,当天，台湾“中央流行疫情指挥中心”紧急召开了专家咨询会议,,台湾“中央流行疫情指挥中心”紧急召开了专家咨询会议
8601,离开,2月5日,2月5日,2月5日,2月5日
8602,召开,据日本共同社报道，2月6日晚间，日本首相安倍晋三,据日本共同社报道，2月6日晚间，日本首相安倍晋三召开内阁会议,据日本共同社报道，2月6日,据日本共同社报道，2月6日晚间，日本首相安倍晋三
8604,护送,第二天下午,第二天下午,,第二天下午
8606,接受,2月12日,2月12日,2月12日,2月12日
8607,进入,由网友,由网友ChristinaKerby,由网友ChristinaKerby,由网友ChristinaKerby
8607,到达,由网友,由网友ChristinaKerby,由网友ChristinaKerby,由网友ChristinaKerby
8609,提供,新京报记者王瑞锋摄日产口罩,新京报记者王瑞锋摄日产口罩,,
8610,成立,长垣成立了“统一采购，统一调配，统一供给”的机制,长垣成立了“统一采购，统一调配，统一供给”的机制,,
8615,发布,”2月12日晚,”2月12,2月12日晚,”2月12
8616,检查,小区封闭后四个大门关了三个，只有正中间的大门通行，鲍勤勇,小区封闭后四个大门关了三个，只有正中间的大门通行，鲍勤勇,,
8617,建立,摸着石头过河从志愿者队,摸着石头过河从志愿者队,,摸着石头过河从志愿者队
8618,发布,2月12日晚，张湾区指挥部,2月12日晚，张湾区指挥部,2月12日,2月12日晚，张湾区指挥部
8619,参与,王庄庄,北京工作的王庄庄,,北京工作的王庄庄
8620,买到,王庄庄,为避开流量冲突，王庄庄,,
8621,购买,江宇,江宇,,江宇
8625,踏上,”于是，在五百万人相继离开武汉后，逆着人潮，小豪,”于是，在五百万人相继离开武汉后，逆着人潮，小豪,,”于是，在五百万人相继离开武汉后，逆着人潮，小豪
8626,留在,咖啡店,咖啡店,,咖啡店
8628,到达,每天五百杯“武汉拿铁”送往医院1月26日早晨九点半，田亚珍,每天五百杯“武汉拿铁”送往医院,每天五百杯“武汉拿铁”送往医院1月26日,每天五百杯“武汉拿铁”送往医院
8633,参加,赵巧英,赵巧英独居，春节前参加了老友聚会,,赵巧英独居，春节前参加了老友聚会
8634,发表,蔡毅,2月14日,2月14日,2月14日，蔡毅
8636,转入,李丽娜,李丽娜,,李丽娜
8637,学习,804年，他,804,804年,804
8642,找到,”珠光,”珠光,,”珠光
8645,反对,方北方,方北方用现实主义的手法写作了“马来西亚三部曲”，黄锦树反对他的写作方式,,
8650,脱离,阿克梅派,阿克梅派的多数成员早期都参加过象征主义流派的活动,,
8651,参加,安娜·阿赫玛托娃,安娜·阿赫玛托娃,安娜·阿赫玛托娃（1889,安娜·阿赫玛托娃
8651,发表,安娜·阿赫玛托娃,安娜·阿赫玛托娃,安娜·阿赫玛托娃（1889,安娜·阿赫玛托娃
8661,参加,任建树,任建树,任建树,任建树
8661,毕业,任建树,任建树,任建树,任建树
8664,推进,又经过十来年的打拼,又经过十来年的打拼,又经过十来年的打拼,又经过十来年的打拼
8664,出版,又经过十来年的打拼，他主编的《陈独秀,又经过十来年的打拼，他主编的《陈独秀著作选编》（六卷本,又经过十来年的打拼，他主编的《陈独秀,又经过十来年的打拼
8664,主编,又经过十来年的打拼,又经过十来年的打拼,又经过十来年的打拼,又经过十来年的打拼
8665,发表,江苏省陈研会2005年10月9日,江苏省陈研会2005年10月9日,江苏省陈研会2005年10月9日,江苏省陈研会2005年10月9日
8668,关闭,疫情形势严峻，感染人数不断上升，1月23日凌晨2时许,,1月23日,疫情形势严峻，感染人数不断上升，1月23日
8668,暂停,疫情形势严峻，感染人数不断上升，1月23日凌晨2时许,疫情形势严峻，感染人数不断上升，1月23日,1月23日,疫情形势严峻，感染人数不断上升，1月23日
8670,举行,记者|徐悦东,1月9日晚，在社会科学文献出版社,1月9日,1月9日晚，在社会科学文献出版社
8670,做客,记者|徐悦东,徐悦东,1月9日,徐悦东
8675,发现,张经纬,张经纬,,张经纬
8677,提供,在《模型思维》这本书,在《模型思维》这本书中，圣密歇根大学复杂性研究中心“掌门人”斯科特·佩奇,,在《模型思维》这本书
8680,导致,正如伯纳迪诺·德·萨哈贡所言，他们占领了阿兹特克的首府特诺奇蒂特兰城,正如伯纳迪诺·德·萨哈贡所言，他们占领了阿兹特克的首府特诺奇蒂特兰城,正如伯纳迪诺·德·萨哈贡,正如伯纳迪诺·德·萨哈贡
8686,找到,许鹏,许鹏从山东找到了几十台消杀机,,许鹏
8687,找到,许鹏,许鹏联系了好几天，终于在山东寿光,,许鹏联系了好几天，终于在山东寿光
8688,带领,加入蓝天,加入蓝天,,加入蓝天
8690,参与,许鹏,许鹏参与保护区巡山救援任务,,许鹏参与保护区巡山救援任务
8694,干预,特派员,特派员,,
8696,暂停,两家企业,,,
8698,增长,2月14日当天防护服产量,,2月14日,
8699,组织,发现信徒感染后的一段时间内，“新天地”教会,发现信徒感染后的一段时间内，“新天地”教会,,
8700,接受,”由于涉嫌金钱问题和男女问题，李万熙,”由于涉嫌金钱问题和男女问题，李万熙,,
8701,举行,此前，“新天地”教会的受害者们集体举报了李万熙,此前，“新天地”教会的受害者们集体举报了李万熙,,此前，“新天地”教会的受害者们集体举报了李万熙
8701,披露,此前，“新天地”教会的受害者们集体举报了李万熙,此前，“新天地”教会的受害者们集体举报了李万熙,,
8703,举行,1月31日至2月2日期间，庆尚北道的大南医院,1月31日至2月2日期间，庆尚北道的大南医院,1月31日,1月31日至2月2日期间，庆尚北道的大南医院
8704,举行,在2月18日,在2月18日,2月18日,在2月18日
8705,执行,京畿道地区的警察,京畿道地区的警察,,京畿道地区的警察
8706,披露,1月20日，钟南山,1月20日,1月20日,1月20日
8706,披露,1月20日，钟南山,1月20日,1月20日,1月20日
8707,祝贺,2月5日，张昌盛,2月5日，张昌盛,2月5日,2月5日，张昌盛
8708,祝贺,“快乐3+2”群里的4位同事,“快乐3+2”群里的4位同事,,
8709,申请,李欣,李欣,,李欣
8711,开展,2月9日，中国疫苗协会,2月9日，中国疫苗协会,2月9日,2月9日，中国疫苗协会
8712,参与,此外，也有非会员机构,此外，也有非会员机构,,此外，也有非会员机构
8713,介绍,国家卫健委副主任曾益新,国家卫健委副主任曾益新,,国家卫健委副主任曾益新
8718,研发,据《北京晚报》报道，自2003年4月起，北京科兴,据《北京晚报》报道，自2003年4月,2003年4月,据《北京晚报》报道，自2003年4月起，北京科兴
8719,停掉,彼时，北京科兴,彼时，北京科兴,,
8719,投入,彼时，北京科兴,彼时，北京科兴,,
8721,接受,但两人的去向截然不同：早两天,但两人的去向截然不同：早两天,,但两人的去向截然不同：早两天
8722,发布,两人的不同境遇,两人的不同境遇，来自武汉市新冠肺炎疫情防控指挥部（下称“武汉市防指”）2月22日,两人的不同境遇,两人的不同境遇
8723,带来,有时，还有工作人员,有时，还有工作人员,,有时，还有工作人员
8726,通报,全国范围内，2月下旬,全国范围内，2月下旬,全国范围内，2月下旬,全国范围内，2月下旬
8727,接受,依据2月5日,依据2月5日,2月5日,依据2月5日
8728,培养,与此同时，广东省疾控中心,与此同时，广东省疾控中心,,
8729,找到,寻子15年，申军良,寻子15年，申军良,寻子15年，申军良,申军良
8730,找到,新京报深度报道部x腾讯新闻出品申聪,新京报深度报道部x腾讯新闻出品申聪,1月16日,新京报深度报道部x腾讯新闻出品申聪
8731,接受,3月7日凌晨，申军良,3月7日凌晨，申军良,3月7日凌晨，申军良,3月7日凌晨，申军良
8734,到达,3月6日晚上八点多，申军良,3月6日晚上八点多，申军良,3月6日晚上八点多，申军良,3月6日晚上八点多，申军良
8735,召开,”随后，广州警方,”随后，广州警方召开了新闻发布会,,”随后，广州警方召开了新闻发布会
8736,找到,会上，广州市公安局增城区分局副局长李光日说，“今年1月警方,会上，广州市公安局增城区分局副局长李光日说，“今年1月警方,会上，广州市公安局增城区分局副局长李光日,会上，广州市公安局增城区分局副局长李光日
8737,离开,通报发布时，申军良,通报发布时，申军良一家避开所有媒体，悄悄离开了宾馆,,通报发布时，申军良
8738,形成,疫情发生初期，随着确诊和疑似病例的迅速增加，床位等医疗资源严重不足，武汉,疫情发生初期，随着确诊和疑似病例的迅速增加，床位等医疗资源严重不足，武汉,,疫情发生
8739,公布,为了解决发热门诊就诊排长队、留观床位紧张等问题，武汉市,为了解决发热门诊就诊排长队、留观床位紧张等问题，武汉市在1月22日,1月22日,武汉市在1月22日
8741,公布,受访者供图这份通告的依据是，武汉市卫健委,受访者供图这份通告的依据是，武汉市卫健委在1月22日,1月22日,受访者供图这份通告的依据是，武汉市卫健委
8742,发布,2019年12月30日，武汉市卫健委医政医管处,2019年12月30日,2019年12月30日,2019年12月30日，武汉市卫健委医政医管处
8743,接诊,12月3,12月3,12月3,12月3
8745,公布,1月20日,1月20日,1月20日,1月20日
8746,发布,次日下午，武汉市卫健委,次日下午，武汉市卫健委,次日下午,武汉市卫健委
8747,选择,无奈，谢莹,无奈，谢莹,,
8747,带着,无奈，谢莹,无奈，谢莹,,
8749,公布,武汉市卫健委网站,武汉市卫健委网站,武汉市卫健委网站从2月1日,武汉市卫健委网站
8751,公布,2月2日，武汉市卫健委,2月2日,2月2日,2月2日，武汉市卫健委
8753,发现,新京报记者查询武汉市卫健委官网公布的定点医院床位数据,新京报记者查询武汉市卫健委官网公布的定点医院床位数据,,新京报记者查询武汉市卫健委官网公布的定点医院
8754,接到,副院长陈国华告诉新京报记者，2月10日，医院,副院长陈国华告诉新京报记者，2月10日,2月10日,副院长陈国华告诉新京报记者，2月10日
8760,开展,新冠肺炎,新冠肺炎,,
8763,接受,2月下旬，杜荣辉,2月下旬，杜荣辉,2月下旬，杜荣辉,2月下旬，杜荣辉
8763,接受,2月下旬，杜荣辉,2月下旬，杜荣辉,2月下旬，杜荣辉,2月下旬，杜荣辉
8765,开办,”多名熟悉李跃华,”多名熟悉李跃华,”多名熟悉李跃华,”多名熟悉李跃华
8767,申请,李跃华曾为上述穴位注射剂,李跃华曾为上述穴位注射剂,,
8770,举行,2012年6月17日,2012年6月17日,2012年6月17日,2012年6月17日
8771,拒绝,3月5日,3月5日,3月5日,3月5日
8775,离开,“一个名牌大学的毕业生为什么会离开国营单位,“一个名牌大学的毕业生为什么会离开国营单位,“一个名牌大学的毕业生,“一个名牌大学的毕业生为什么会离开国营单位
8779,举行,李跃华,2012年6月,2012年6月,2012年6月
8781,列举,”新京报记者发现，在上述报告会的新闻中，李跃华,”新京报记者发现，在上述报告会的新闻中，李跃华,,
8784,检索,新京报记者,新京报记者检索裁判文书网,,
8789,接受,一位先生,一位先生,,
8793,生效,2013年2月27日，国家知识产权局,,2013年2月27日,
8794,发表,2013年，李跃华,2013年，李跃华,2013年,2013年，李跃华
8795,发表,”2013年，李跃华,”2013年，李跃华,”2013年,”2013年，李跃华
8803,发现,在《后记》一文中，斯坦纳,在《后记》一文中，斯坦纳细致地介绍了犹太遇害者卡普兰,,在《后记》一文中，斯坦纳
8807,打出,五角大楼,五角大楼,,
8808,造成,当欧洲人首次到达新大陆的时候，某些欧洲传染病,当欧洲人首次到达新大陆的时候，某些欧洲传染病,,当欧洲人首次到达新大陆的时候，某些欧洲传染病
8811,发行,1974年，帕蒂·史密斯,1974年，帕蒂·史密斯,1974年，帕蒂·史密斯,1974年，帕蒂·史密斯
8811,组建,1974年，帕蒂·史密斯,1974年，帕蒂·史密斯,1974年，帕蒂·史密斯,1974年，帕蒂·史密斯
8812,反对,2018年,2018年,2018年,2018年
8814,建立,1899年，由外国人管理的上海工部局,1899年，由外国人管理的上海工部局,1899年,1899年，由外国人管理的上海工部局
8816,任命,他大大增加了警官的人数，提高了他们的薪水，成立了警务学堂,他大大增加了警官的人数，提高了他们的薪水，成立了警务学堂,,他大大增加了警官的人数
8816,成立,他大大增加了警官的人数，提高了他们的薪水，成立了警务学堂,他大大增加了警官的人数，提高了他们的薪水，成立了警务学堂,,他大大增加了警官的人数
8816,增加,他大大增加了警官的人数,他大大增加了警官的人数，提高了他们的薪水，成立了警务学堂,,他大大增加了警官的人数
8816,提高,他大大增加了警官的人数,他大大增加了警官的人数，提高了他们的薪水，成立了警务学堂,,他大大增加了警官的人数
8817,改革,徐世昌,,,
8818,成立,沈阳的政府官员,沈阳的政府官员,沈阳的政府官员,沈阳的政府官员
8818,收到,沈阳的政府官员,沈阳的政府官员,沈阳的政府官员,沈阳的政府官员
8820,开展,这些鼠疫预防与控制措施,这些鼠疫预防与控制措施,这些鼠疫预防与控制措施,这些鼠疫预防与控制措施
8824,推出,为此，国家文物局,为此，国家文物局组织部署全国各地博物馆,,
8827,推出,太原北齐徐显秀墓北壁夫妻并坐图上海博物馆,太原北齐徐显秀墓北壁夫妻并坐图上海博物馆,,太原北齐徐显秀墓北壁夫妻并坐图上海博物馆
8829,发生,1510年，南直隶发生大型灾疫,1510年，南直隶发生大型灾疫,1510年,1510年，南直隶
8833,控制,除此之外，欧洲殖民当局,除此之外，欧洲殖民当局,,
8835,运用,19世纪的医疗传教士,19世纪的医疗传教士,19世纪的医疗传教士,19世纪的医疗传教士
8835,建立,19世纪的医疗传教士,19世纪的医疗传教士,19世纪的医疗传教士,19世纪的医疗传教士
8836,建立,随着中华人民共和国,随着中华人民共和国,,
8836,投资,随着中华人民共和国的成立，中国政府,随着中华人民共和国的成立，中国政府,,
8837,振兴,接受西方医学训练的中国医生,接受西方医学训练的中国医生,,
8839,支持,新中国成立初期，中国政府,新中国成立初期，中国政府,,
8842,曝光,以南非前开普顿大主教、诺贝尔和平奖得主图图为主席的“真相与和解委员会,以南非前开普顿大主教、诺贝尔和平奖得主图图为主席的“真相与和解委员会,,
8842,披露,以南非前开普顿大主教、诺贝尔和平奖得主图图为主席的“真相与和解委员会,以南非前开普顿大主教、诺贝尔和平奖得主图图为主席的“真相与和解委员会,,以南非前开普顿大主教、诺贝尔和平奖得主图图
8848,推进,由此来看，现代医疗,由此来看，现代医疗,,
8848,降低,由此来看，现代医疗,由此来看，现代医疗,,
8848,建立,由此来看，现代医疗,由此来看，现代医疗,,
8849,反对,山火期间，悉尼,山火期间，悉尼,,在山火期间，悉尼
8849,组织,在山火期间，悉尼,在山火期间，悉尼,,在山火期间，悉尼
8849,关注,在山火期间，悉尼,在山火期间，悉尼,,在山火期间，悉尼
8851,带来,虽然很多公司和机构,虽然很多公司和机构,,
8853,离开,736年4月，阿倍朝臣继麻吕,736年4月,736年4月,736年4月，阿倍朝臣继麻吕
8854,发布,7月,7月，大和国、伊豆国和若狭国依法报告了传染病暴,7月,7月，大和国、伊豆国和若狭国依法报告了传染病暴
8859,发布,再次，许多村组干部,再次，许多村组干部,,
8859,建立,再次，许多村组干部,再次，许多村组干部,,
8861,出院,从2月19日的第一例,,2月19日,
8863,接受,ICU病房里，王强,ICU病房里，王强,,ICU病房里，王强
8864,接近,受访者供图此后，王强,受访者供图此后，王强,,
8868,提出,与此同时，在英国，查尔斯·达尔文,与此同时，在英国，查尔斯·达尔文,与此同时，在英国，查尔斯·达尔文,与此同时，在英国，查尔斯·达尔文
8870,提出,这个问题直,这个问题直,这个问题直到1949年,这个问题直
8877,建立,中国要建立一套新的卫生机制,中国要建立一套新的卫生机制,,
8878,建立,《清代江南的瘟疫与社会,《清代江南的瘟疫与社会》，余新忠,,《清代江南的瘟疫与社会》，余新忠
8887,拍摄,带着同普通人类似的疑问，四川美术学院教师、艺术家李一凡,,,
8894,提出,中国人,六十多年前,,
8894,喊出,中国人,中国人,,
8897,诞生,如何评判自己、如何定位自己与外部世界的关系似乎是戊戌年永,,如何,
8897,失败,如何评判自己、如何定位自己与外部世界的关系似乎是戊戌,,如何,
8898,发生,信中大意为：（1）大家知道、中国的武汉发生了新性肺炎,信中大意为：（1）大家知道、中国的武汉发生了新性肺炎,,信中大意为：（1）大家知道、中国的武汉
8899,发现,一名从武汉坐高铁回到山东老家的医学生,一名从武汉坐高铁回到山东老家的医学生,,一名从武汉坐高铁回到山东老家的医学生
8901,遭遇,在大理，一名武汉,武汉籍的民宿客栈老板,,武汉籍的民宿客栈老板
8902,执行,1936年5月,1936年5月,1936年5月,1936年5月
8903,执行,法国国王菲利普五世对麻风病人,法国国王菲利普五世对麻风病人,,
8904,发生,广东罗定县,广东罗定县,,广东罗定县
8906,发布,1月28日,1月28日,1月28日,1月28日
8906,通过,1月28日,1月28日,1月28日,1月28日
8909,参与,截至目前，已有北京出版集团有限责任公司,截至目前，已有北京出版集团有限责任公司,,截至目前，已有北京出版集团有限责任公司
8909,提供,截至目前，已有北京出版集,截至目前，已有北京出版集团有限责任公司,,截至目前，已有北京出版集团有限责任公司
8912,提供,（行动企业：北京出版集团京版若晴公司）北京出版集团京版若晴,（行动企业：北京出版集团京版若晴公司,,
8914,推出,（行动企业：北京波波乌文化发展有限公司）数字音乐,（行动企业：北京波波乌文化发展有限公司）数字音乐,,（行动企业：北京波波乌文化发展有限公司）数字音乐
8918,退休,由于父亲的反对，斯坦纳,,由于父亲的反对，斯坦纳,由于父亲的反对，斯坦纳
8918,接受,由于父亲的反对，斯坦纳,由于父亲的反对，斯坦纳,由于父亲的反对，斯坦纳,由于父亲的反对，斯坦纳
8919,发表,2008年的时候，斯坦纳,2008年的时候，斯坦纳,2008年的时候，斯坦纳,2008年的时候，斯坦纳
8922,提供,例如，自1994年以来，美国的频谱拍卖,例如，自1994年以来，美国的频谱拍卖,例如，自1994年,例如，自1994年以来，美国的频谱拍卖
8923,出售,考虑到这些因素，非政府组织,考虑到这些因素，非政府组织,,考虑到这些因素，非政府组织
8925,凌虐,然而，20世纪西方的政治暴行,,然而，20世纪西方的政治暴行,然而，20世纪西方的政治暴行
8929,谴责,加拿大多伦多市,加拿大多伦多市,,加拿大多伦多市
8930,分析,为了对国外社交媒体舆论有更全面的认识，我们,为了对国外社交媒体舆论,,
8931,要求,丹麦媒体《日德兰邮报》1月27日在网站发表漫画,丹麦媒体《日德兰邮报》1月27日在网站发表漫画,丹麦媒体《日德兰邮报》1月27日,丹麦媒体《日德兰邮报》1月27日在网站发表漫画
8931,发表,丹麦媒体《日德兰邮报》1月27日在网站发表漫画,丹麦媒体《日德兰邮报》1月27日在网站发表漫画,丹麦媒体《日德兰邮报》1月27日,丹麦媒体《日德兰邮报》1月27日在网站发表漫画
8934,制定,《鼠疫,鼠疫,《鼠疫,《鼠疫
8935,参加,1929年5月15日,1929年5月15日,1929年5月15日,1929年5月15日
8936,召开,另外，1930年12月15日,另外，1930年12月15日,1930年12月15日,另外，1930年12月15日
8938,举行,九一八事变,九一八事变,1933年8月8日,九一八事变
8940,召开,在此卫生行政的展开进程中，1934年5月，北平市,在此卫生行政的展开进程中，1934年5月，北平市召开了第一次卫生运动大会,在此卫生行政的展开进程中，1934年5月,在此卫生行政的展开进程中，1934年5月，北平市
8941,开设,1934年9月，邹平县实验区,1934年9月，邹平县实验区,1934年9月,1934年9月，邹平县实验区
8941,召开,1934年9月，邹平县实验区,1934年9月,1934年9月,1934年9月，邹平县实验区
8941,设立,1934年9月，邹平县实验区,1934年9月，邹平县实验区,1934年9月,1934年9月，邹平县实验区
8942,撤退,山本真,,山本真（1998）,山本真
8943,设立,在这种情况下，保赤堂,在这种情况下，保赤堂,,在这种情况下，保赤堂设立了施种牛痘总局
8945,开展,国民政府,国民政府,,国民政府
8946,成立,1939年4月，卫生科,1939年4月,1939年4月,1939年4月，卫生科
8947,组织,1941年,1941年,1941年,1941年
8950,开放,中国纺织出版社,中国纺织出版社,,
8952,推出,2.人民卫生出版社,2.人民卫生出版社,2.人民卫生出版社,2.人民卫生出版社
8953,建设,该社,该社正开发,,
8954,开放,上海交通大学出版社自有APP“慕知悦读”平台,6.上海交通大学出版社自有APP“慕知悦读”平台,6.上海交通大学出版社,6.上海交通大学出版社自有APP“慕知悦读”平台
8955,开放,中国纺织出版社,中国纺织出版社,,中国纺织出版社
8956,制作,相关网址,相关网址,,相关网址：http
8958,担任,https,网址：https,,网址：https
8958,编写,https,网址：https,,
8959,提供,“中国中药知识港,“中国中药知识港,“中国中药知识港,“中国中药知识港
8961,宣布,他们,他们惟,他们惟,他们惟
8965,降低,而俄罗斯千方百计地降低减产协议,而俄罗斯千方百计地降低减产协议,,
8966,降低,2014年的油价暴跌,2014年的油价暴跌,2014年,
8966,推行,2014年的油价暴跌,2014年的油价暴跌,2014年,2014年的油价暴跌
8970,参加,2月21日,2月21日,2月21日,2月21日
8973,增加,美国政府,美国政府作出此番颇有层次的“规划,,
8974,提升,■社论“新基建”,■社论“新基建,,
8975,晒出,他之前还发布过《独家披露：李跃华,他之前还发布过《独家披露：李跃华,,
8976,降低,而俄罗斯,而俄罗斯千方百计地降低减产协议,,
8979,导致,最近10年，意大利,最近10年，意大利经济三次衰退,最近10年，意大利经济三次衰退,最近10年，意大利经济三次衰退
8981,降低,3月3日，美联储,3月3日,3月3日,
8982,分析,此前新京报已刊文分析了禁止快递员进小区,此前新京报已刊文分析了禁止快递员进小区,,
8983,推动,3月3日,3月3日,3月3日,3月3日
8983,召开,3月3日，国务院总理李克强,3月3日,3月3日,3月3日
8985,要求,比如，在某个全市,比如，在某个全市只有不足10个病例,,比如，在某个全市只有不足10个病例的城市
8985,填写,比如，在某个全市,比如，在某个全市只有不足10个病例的城市,,比如，在某个全市只有不足10个病例的城市
8985,奖励,比如，在某个全市只有不足10个病例的城市，仅一个行业,比如，在某个全市只有不足10个病例的城市，仅一个行业就奖励了几十人,,比如，在某个全市只有不足10个病例的城市
8986,召开,据新京报报道，当地时间3月9日,据新京报报道，当地时间3月9日,据新京报报道，当地时间3月9日,据新京报报道，当地时间3月9日
8987,开展,另据消息，湖北,另据消息，湖北正在开展健康码发放工作,,另据消息，湖北正在开展健康码发放工作
8989,作出,自疫情发生以来，习近平总书记,自疫情发生以来，习近平总书记,,自疫情发生以来，习近平总书记
8989,关心,习近平总书记,习近平总书记,,自疫情发生以来，习近平总书记
8990,开启,随着疫情持续发酵，武汉,随着疫情持续发酵，武汉关闭离汉通道,,随着疫情持续发酵，武汉关闭离汉通道
8990,关闭,随着疫情持续发酵，武汉,,,随着疫情持续发酵，武汉关闭离汉通道
8993,发表,家人和老师成了他的拐杖和扶梯，在他们的帮助下，谢炎廷,家人和老师成了他的拐杖和扶梯，在他们的帮助下，谢炎廷,,
8993,完成,家人和老师成了他的拐杖和扶梯，在他们的帮助下，谢炎廷,家人和老师成了他的拐杖和扶梯，在他们的帮助下，谢炎廷,,家人和老师成了他的拐杖和扶梯
8994,告诉,1992年9月,1992年9月,1992年9月,
8995,变得,刚查出儿子脑瘫时，有一段时间，刘小凤,刚查出儿子脑瘫时，有一段时间，刘小凤,,
8995,降了,刚查出儿子脑瘫时，有一段时间，刘小凤,刚查出儿子脑瘫时，有一段时间，刘小凤,,
8996,支持,”一家人支持刘小凤,”一家人支持刘小凤,,
8997,参加,看到谢炎廷的坚持，刘小凤,看到谢炎廷的坚持，刘小凤,看到谢炎廷的坚持，刘小凤,看到谢炎廷的坚持，刘小凤
8997,到,看到谢炎廷的坚持，刘小凤,看到谢炎廷的坚持，刘小凤,看到谢炎廷的坚持，刘小凤,看到谢炎廷的坚持，刘小凤
9000,送给,徐守军,徐守军就让女儿买些菜送给环卫工人,,
9001,提出,2014年，徐守军,2014年，徐守军,2014年,2014年，徐守军
9002,发布,【编者按】今年八月，国务院办公厅,【编者按】今年八月，国务院办公厅,今年八月,
9003,接受,滴滴司机服务经理接受培训,培训,,
9004,找到,紧接着，三级预防启动,紧接着，三级预防启动,,
9004,介入,紧接着，三级预防启动，线上安全专家,紧接着，三级预防启动，线上安全专家介入研判,,
9004,移交,紧接着，三级预防启动,紧接着，三级预防启动,,
9005,进入,他告诉新京报记者，有一次，一位乘客,他告诉新京报记者，有一次，一位乘客,,他告诉新京报记者，有一次，一位乘客
9005,告诉,他告诉新京报记者,他告诉新京报记者,,
9005,进入,他告诉新京报记者，有一次，一位乘客,他告诉新京报记者，有一次，一位乘客,,他告诉新京报记者，有一次，一位乘客
9008,修复,张晓颖,张晓颖,,
9009,成立,后来的日子，宋宜川,后来的日子，宋宜川,,后来的日子，宋宜川
9010,找到,2013年，一位河南母亲,2013年，一位河南母亲,2013年,2013年，一位河南母亲
9011,接诊,口耳相传，越来越多的人找到宋宜川,口耳相传，越来越多的人找到宋宜川,,口耳相传，越来越多的人找到宋宜川
9011,找到,口耳相传，越来越多的人,口耳相传，越来越多的人,,
9012,到达,孙锦荣,9月25日晚上8点多，孙锦荣,9月25日晚上8点多，孙锦荣,9月25日晚上8点多，孙锦荣
9013,指出,孙锦荣,孙锦荣,,
9014,推出,黄毅,黄毅,,黄毅
9015,推出,开始做外卖后，峨嵋酒家,开始做外卖后，峨嵋酒家,,
9018,找到,但在接触外卖平台后，黄毅,但在接触外卖平台后，黄毅,,
9019,发布,中国商业联合会中华“老字号”工作委员会,9月20日,9月20日,9月20日
9021,介绍,一些连锁店,一些连锁店,,
9023,接受,那是一个长期接受化疗的患儿,那是一个长期,,那是一个长期
9023,接受,那是一个长期接受化疗的患儿,那是一个长期,,那是一个长期
9025,推动,身着绿色手术服的郭卫东,身着绿色手术服的郭卫东,,身着绿色手术服的郭卫东
9026,接受,而“患者,而“患者,,而“患者
9029,带来,“达芬奇”的各项专利保护,“达芬奇”的各项专利保护,,
9030,取消,”“‘达芬奇’系统,”“‘达芬奇’系统,,
9030,设计,”“‘达芬奇’系统,”“‘达芬奇’系统,,
9031,解决,“妙手S”,但“,,
9032,变得,六年未清洗的毛绒玩偶,六年未清洗的毛绒玩偶,,
9033,找到,“这是我这辈子最有意义的一件事”2017年，一个女孩抱着小熊毛绒玩偶找到朱伯明,“这是我这辈子最有意义的一件事”2017年，一个女孩抱着小熊毛绒玩偶找到朱伯明,“这是我这辈子最有意义的一件事,“这是我这辈子最有意义的一件事
9035,建议,母亲孙水娟记得，富阳的医生判断蔡琼卉,母亲孙水娟记得，富阳的医生判断蔡琼卉,,母亲孙水娟记得，富阳的医生判断蔡琼卉
9035,判断,母亲孙水娟记得，富阳的医生判断蔡琼卉,母亲孙水娟记得，富阳的医生判断蔡琼卉,,母亲孙水娟记得，富阳的医生判断蔡琼卉
9036,凑齐,农村家庭,农村家庭负担不起持续的治疗费用,,
9038,扩大,她还申请到一只名叫“阿拉丁”的拉布拉多导盲犬,她还申请到一只名叫“阿拉丁”的拉布拉多导盲犬,,
9038,申请,她还申请到一只名叫“阿拉丁”的拉布拉多导盲犬,她还申请到一只名叫“阿拉丁”的拉布拉多导盲犬,,她还申请到一只名叫“阿拉丁”的拉布拉多导盲犬
9039,选择,从决定进盲校,从决定进盲校,,从决定进盲校
9040,关闭,”2017年8月8日21时19分46秒，九寨沟,,”2017年8月8日,”2017年8
9041,介绍,九寨沟管理局科研处处长杜杰,九寨沟管理局科研处处长杜杰,,九寨沟管理局科研处处长杜杰
9042,开展,杜杰介绍，地震后，九寨沟管理局,杜杰介绍，地震后，九寨沟管理局,,杜杰介绍，地震后，九寨沟管理局
9042,推进,杜杰介绍，地震后，九寨沟管理局,杜杰介绍，地震后，九寨沟管理局,,杜杰介绍，地震后，九寨沟管理局
9042,成立,杜杰介绍，地震后，九寨沟管理局,杜杰介绍，地震后，九寨沟管理局,,杜杰介绍，地震后，九寨沟管理局
9044,启动,地震3个月后，四川省,地震3个月后，四川省,,
9045,踏勘,蹇代君,,,
9046,投入,张晓超,张晓超是成都理工大学生态环境学院副教授，她告诉记者，他们有几十人投入重建工作,,张晓超
9048,形成,中国科学院空天信息创新研究院研究员付碧宏团队,中国科学院空天信息创新研究院研究员付碧宏团队,,中国科学院空天信息创新研究院研究员付碧宏团队
9048,诱发,中国科学院空天信息创新研究院研究员付碧宏团队利用遥感监测技术发现，九寨沟地震,中国科学院空天信息创新研究院研究员付碧宏团队利用遥感监测技术发现，九寨沟地震,,中国科学院空天信息创新研究院研究员付碧宏团队
9050,提供,九寨童话,九寨童话酒店老板王培江,,
9050,关了,九寨童话酒店老板王培江,九寨童话酒店老板王培江,,
9051,介绍,《过劳时代,《过劳时代,,
9053,影响,财阀,财阀通过资助各种研究机构,,
9053,捧红,财阀,,,
9053,资助,财阀,财阀通过资助各种研究机构,,
9054,查清,调查记者简·迈耶,调查记者简·迈耶,,
9054,调查,调查记者简·迈耶,调查记者简·迈耶,,
9055,参与,哈贝马斯,我也参与了一期纪念哈贝马斯,,我也参与了一期纪念哈贝马斯
9058,建设,在大体思路上，他基本赞同哈贝马斯,在大体思路上，他基本赞同哈贝马斯,,
9059,选择,他们,他们,,
9060,关注,孙歌,不同于哈贝马斯，孙歌,,
9061,提出,《分身》，李永晶,《分身》，李永晶,《分身》，李永晶,《分身》，李永晶
9063,发布,NBA官方,NBA官方发布了一份关于科比·布莱恩特去世的声明,,
9065,死亡,美国军团组织7月4日,,美国军团组织7月4日,美国军团组织7月4日
9066,发表,1981年,1981年,1981年,1981年
9067,提出,”怀着一种共同的责任感，莫尔斯和莱德伯格,”怀着一种共同的责任感,,
9067,征集,”怀着一种共同的责任感，莫尔斯和莱德伯格,”怀着一种共同的责任感,,”怀着一种共同的责任感
9067,征集,”怀着一种共同的责任感，莫尔斯和莱德伯格,”怀着一种共同的责任感,,”怀着一种共同的责任感
9069,召开,1991年2月，美国国家科学院下属的医学研究所召开特别小组会议,1991年2月，美国国家科学院下属的医学研究所召开特别小组会议,1991年2月,1991年2月，美国国家科学院下属的医学研究所
9070,制订,报告公布以后，亚特兰大的美国疾病控制中心,报告公布以后，亚特兰大的美国疾病控制中心,报告公布以后，亚特兰大的美国疾病控制中心,报告公布以后，亚特兰大的美国疾病控制中心
9071,开展,随着地球大气层臭氧空洞的发现，全世界的科学家,随着地球大气层臭氧空洞的发现，全世界的科学家,,随着地球大气层臭氧空洞的发现，全世界的科学家
9072,提出,生物学家如哈佛的E·O·威尔逊,生物学家如哈佛的E·O·威尔逊,,
9075,开展,根据地建立后，中共,根据地建立后，中共,,根据地建立后，中共
9075,参与,根据地建立后，中共,根据地建立后，中共,,根据地建立后，中共
9076,结束,1938年1月底，也就是旧历小年前后，周立波,1938年1月底，也就是旧历小年前后,1938年1月底，也就是旧历小年前后,1938年1月底，也就是旧历小年前后
9076,到达,1938年1月底，也就是旧历小年前后，周立波,1938年1月底，也就是旧历小年前后，周立波,1938年1月底，也就是旧历小年前后,1938年1月底，也就是旧历小年前后，周立波
9076,到达,1938年1月底，也就是旧历小年前后，周立波,1938年1月底，也就是旧历小年前后，周立波,1938年1月底，也就是旧历小年前后,1938年1月底，也就是旧历小年前后，周立波
9077,赶到,周立波,周立波,旧历除夕,周立波
9077,响起,周立波赶到了河北阜平县,周立波赶到了河北阜平县,旧历除夕,周立波赶到了河北阜平县
9078,选择,《白毛女,《白毛女,,《白毛女
9078,创作,《白毛女,《白毛女,,《白毛女
9079,暂停,（导语撰写：李夏恩）撰文|徐晏清,（导语撰写：李夏恩）撰文|徐晏清2020年1月23日,（导语撰写：李夏恩）撰文|徐晏清,（导语撰写：李夏恩）撰文|徐晏清
9079,打开,（导语撰写：李夏恩）撰文|徐晏清,（导语撰写：李夏恩）撰文|徐晏清2020年1月23日,（导语撰写：李夏恩）撰文|徐晏清,（导语撰写：李夏恩）撰文|徐晏清
9080,采购,只有电视里热热闹闹的节目告诉我们今天是年三十,只有电视里热热闹闹的节目告诉我们今天是年三十,,只有电视里热热闹闹的节目告诉我们今天是年三十
9082,赶往,同时新闻也报道了全国各地和解放军的医疗队都在赶往武汉,同时新闻也报道了全国各地和解放军的医疗队,,同时新闻也报道了全国各地和解放军的医疗队
9085,发生,原因固然很复杂，不过宋代,原因固然很复杂,,
9086,演变成,从基层社会结构,从基层社会结构,,
9089,形成,河北河间名医、金元四大家之一刘完素,河北河间名医、金元四大家之一刘完素,,
9089,提出,河北河间名医、金元四大家之一刘完素,河北河间名医、金元四大家之一刘完素,,
9096,举行,在防疫事务大局已定的时候，清政府外务部,在防疫事务大局已定的时候，清政府外务部还举行了万国鼠疫研究会,,在防疫事务大局已定的时候，清政府外务部
9098,推行,上海市卫生局,上海市卫生局,,上海市卫生局
9098,检查,上海市卫生局,上海市卫生局,,上海市卫生局
9100,设立,防治方面，1892年国际麻风协会,防治方面，1892年国际麻风协会,1892,防治方面，1892年国际麻风协会
9100,收治,防治方面，1892年国际麻风协会,防治方面，1892年国际麻风协会,在防治方面，1892,防治方面，1892年国际麻风协会
9100,设立,防治方面，1892年国际麻风协会,防治方面，1892年国际麻风协会,1892,防治方面，1892年国际麻风协会
9101,发生,但1936年陈济棠下台后，蒋介石方面接管广东，就发生了骇人听闻的屠杀麻风病人事件,但1936年陈济棠下台后，蒋介石方面接管广东，就发生了骇人听闻的屠杀麻风病人事件,但1936年,但1936年陈济棠下台后，蒋介石方面接管广东
9102,发布,1949年10月，《华北人民政府、华北军区联合发布防疫命令》,1949年10月，《华北人民政府、华北军区联合发布防疫命令》,1949年10月,1949年10月，《华北人民政府
9104,死亡,1995,,1995,
9104,导致,1995,1995,1995,1995
9104,爆发,1995年民主刚果爆发“埃博拉”病毒,,1995,1995年民主刚果爆发“埃博拉”病毒
9105,召开,国务委员、公安部党委书记、部长赵克志,国务委员、公安部党委书记、部长赵克志在1月28,1月28,国务委员、公安部党委书记、部长赵克志在1月28
9106,作出,广东警方,广东警方作出处罚决定,,
9107,改变,新型冠状病毒,新型冠状病毒,,
9108,改变,是妮子啊（浙江）这个病毒,是妮子啊（浙江）这个病毒改变了今年的春节,,
9109,处理,二妈的性格导致平常这些亲人,二妈的性格导致平常这些亲人,,
9109,面临,二妈的性格导致平常这些亲人,二妈的性格导致平常这些亲人,,
9110,组织,第二富翁,第二富翁,,第二富翁
9112,推出,今年5月，耐克“AJ”,今年5月，耐克“AJ”,5月,今年5月，耐克“AJ”
9113,操作,当晚八九点，一个潮牌大V,当晚八九点，一个潮牌大V,当晚八九点，一个潮牌大V,
9114,收取,不到半年后，斗牛,不到半年后，斗牛推出了自己的特色产品“球鞋预售券,,
9115,封禁,”B站视频截图8月21日,”B站视频截图8月21日,”B站视频截图8月21日,”B站视频截图8月21日
9115,成立,”B站视频截图8月21日,”B站视频截图8月21日,”B站视频截图8月21日,”B站视频截图8月21日
9116,下线,8月22日,,8月22日,8月22日，毒发出“鞋穿不炒”的倡议声明
9116,发出,8月22日,8月22日,8月22日,8月22日
9116,作出,8月22日,8月22日,8月22日,8月22日
9117,清空,9月26日,,9月26日,
9117,发现,9月26日，新京报记者,9月26日，新京报记者,9月26日,
9118,封禁,Nice再次发布声明,9月27日,9月27日,
9118,发布,Nice,9月27日，Nice再次发布声明,9月27日,
9118,发布,Nice,9月27日,9月27日,
9120,关注,9月28日，残雪,9月28日,9月28日,9月28日，残雪
9123,开通,”她,”她,,”她
9123,建立,”她,”她,,
9125,拍摄,白鹿集团董事长杨明华告诉记者，去年3月20日左右，红崖谷景区,,白鹿集团董事长杨明华,白鹿集团董事长杨明华告诉记者，去年3月20日
9125,接待,白鹿集团董事长杨明华告诉记者，去年3月20日左右，红崖谷景区,白鹿集团董事长杨明华告诉记者，去年3月20日,白鹿集团董事长杨明华告诉记者，去年3月,白鹿集团董事长杨明华告诉记者，去年3月20日
9126,开展,齐立会介绍，整改期间，景区,齐立会介绍，整改期间，景区,,齐立会介绍，整改期间，景区
9126,出具,齐立会介绍，整改期间，景区,齐立会介绍，整改期间，景区,,
9126,邀请,齐立会介绍，整改期间，景区,齐立会介绍，整改期间，景区,,齐立会介绍，整改期间，景区
9128,发布,全省玻璃栈道被封红崖谷景区玻璃吊桥封停后不久，河北省文旅厅,全省玻璃栈道被封红崖谷景区玻璃吊桥封停后不久，河北省文旅厅,,
9129,增长,据统计，2014年，白石山,,据统计，2014年，白石山,
9132,投诉,一日爆红到门可罗雀,一日爆红到门可罗雀,一日爆红到门可罗雀,一日爆红到门可罗雀
9133,发布,关于玻璃栈道封停的“紧急通知,关于玻璃栈道封停,,关于玻璃栈道封停
9135,完成,”河北省工程建设标准化管理办公室,”河北省工程建设标准化管理办公室,,”河北省工程建设标准化管理办公室
9135,参与,”河北省工程建设标准化管理办公室,”河北省工程建设标准化管理办公室,,”河北省工程建设标准化管理办公室
9137,找到,狼牙山景区,狼牙山景区一位负责人记得，2016年，狼牙山的玻璃观景平台,2016年,狼牙山景区
9139,制定,今年8月，中国风景名胜区协会,今年8月，中国风景名胜区协会,今年8月,
9140,凑出,”最让他宽慰的是，村民,”最让他宽慰的是，村民给予了足够的善意,,
9140,给予,”最让他宽慰的是，村民,”最让他宽慰的是，村民给予了足够的善意,,
9141,接受,李宽,李宽,,
9143,参加,李宽,9月19日,9月19日,9月19日，李宽
9144,整治,近段时间，北流交警,近段时间，北流交警,,
9145,驾驶,新京报记者解蕾摄无视法律的少年,新京报记者解蕾摄无视法律的少年,新京报记者解蕾摄无视法律的少年,新京报记者解蕾摄无视法律的少年
9146,参加,尹伊,尹伊,9月26日,尹伊
9147,参加,这场集会,这场集会,,这场集会
9149,接受,抗议会后尹伊,抗议会后尹伊接受记者采访,,抗议会后尹伊接受记者采访
9150,介绍,出事那几天,出事那几天,,
9151,恢复,”128块钱，她,”128块钱，她,,
9151,剪成,”128块钱，她,”128块钱,”128块钱,
9151,换上,”128块钱，她,”128块钱，她,,
9154,建成,2010年，苏银霞,2010年，苏银霞,2010年，苏银霞,2010年，苏银霞
9154,投资,2010年，苏银霞,2010年，苏银霞,2010年，苏银霞,2010年，苏银霞
9155,推荐,有人,有人,,
9158,开工,据公开资料，红树湾,,据公开资料，红树湾2009年,
9159,通报,陆海之争知情人士告诉记者，被中央环保督察,陆海之争知情人士告诉记者，被中央环保督察,,
9160,公布,2011年，海南,2011年，海南,2011年，海南,2011年，海南
9161,启动,2016年海南省,2016年,2016年,2016年
9162,发现,在2010年的一份名为“澄迈县沿海土地海域使用情况检查”的调查中提及，澄迈县,在2010年的一份名为“澄迈县沿海土地海域使用情况检查”的调查中提及，澄迈县,2010年,在2010年的一份名为“澄迈县
9164,调整,记者了解到，澄迈县,记者了解到，澄迈县,,
9165,启动,在此背景下，海南省,在此背景下，海南省于2016年,在此背景下，海南省于2016年,在此背景下
9166,提出,2016年7月，澄迈县,2016年7月，澄迈县,2016年7月,2016年7月，澄迈县
9167,调整,据悉，富力红树湾,据悉，富力红树湾,据悉，富力红树湾在2016年,
9168,发生,近年来，澄迈县,近年来，澄迈县用地规划,,
9169,批准,1995年12月，澄迈县海洋与渔业局,1995年12月，澄迈县海洋与渔业局设立花场湾红树林自然保护区,1995年12月,1995年12月，澄迈县海洋与渔业局
9169,纳入,1995年12月，澄迈县海洋与渔业局,1995年12月，澄迈县海洋与渔业局设立花场湾红树林自然保护区,1995年12月,1995年12月，澄迈县海洋与渔业局
9170,申请,据海南省林业厅官员熊峰（化名）回忆，2017年，澄迈县,据海南省林业厅官员熊峰,据海南省林业厅官员熊峰,据海南省林业厅官员熊峰
9171,撰写,2016年6月，澄迈县,2016年6月,2016年6月,2016年6月
9171,组织,2016年6月，澄迈县,2016年6月,2016年6月,2016年6月
9172,占用,知情人士告诉记者，正,知情人士告诉记者，正是有了《澄迈县总体规划,,
9172,违法,知情人士告诉记者，正是有了《澄迈县,知情人士告诉记者，正是有了《澄迈县总体规划,,
9174,开展,据中国环境报报道，生态环境部,据中国环境报报道，生态环境部公布了“海南澄迈县,,据中国环境报报道，生态环境部公布了“海南澄迈县
9174,成立,据中国环境报报道，生态环境部,据中国环境报报道，生态环境部公布了“海南澄迈县,,据中国环境报报道，生态环境部公布了“海南澄迈县
9175,挂上,在澄迈县林业局,在澄迈县林业局,,在澄迈县林业局
9178,组织,对于这次被问责处理11人,对于这次被问责处理11人,,对于这次被问责处理11人
9179,采用,1996年，德国第一批发商麦德龙,1996年,1996年,1996年
9180,调整,但最近几年外资零售商,但最近几年外资零售商,,
9180,整合,但最近几年外资零售商,但最近几年外资零售商,,
9183,提供,而张文中,而张文中,,
9184,开启,频繁并购，张文中的零售野心,频繁并购，张文中的零售野心,,频繁并购，张文中的零售野心
9187,发展,漳浦县石材行业协会会长陈锦明告诉记者，漳浦县石材行业,,,
9188,枯死,”洋坪岭村,,”洋坪岭村一位魏姓村民,
9188,倾倒,”洋坪岭村一位魏姓村民,,”洋坪岭村一位魏姓村民,”洋坪岭村一位魏姓村民
9188,告诉,”洋坪岭村一位魏姓村民,”洋坪岭村一位魏姓村民,”洋坪岭村一位魏姓村民,”洋坪岭村一位魏姓村民
9189,举报,他曾联合这五位村民向原漳浦县环保局及漳州市环保局举报该家企业,他曾联合这五位村民向原漳浦县环保局及漳州市环保局举报该家企业,,他曾联合这五位村民向原漳浦县环保局
9190,支付,陈荣民,陈荣民表示，自从2011年漳浦县成立石材行业协会,陈荣民表示，自从2011年,陈荣民表示，自从2011年漳浦县
9190,成立,陈荣民表示，自从2011年漳浦县,陈荣民表示，自从2011年漳浦县,陈荣民表示，自从2011年漳浦县,陈荣民表示，自从2011年漳浦县成立石材行业协会
9191,批评,一位来蔡坑矿区巡视的乡干部,一位来蔡坑矿区巡视的乡干部,,
9191,修复,一位来蔡坑矿区巡视的乡干部,,,
9193,关闭,据上述县自然资源局负责人介绍，去年，漳浦县,,,
9193,开展,据上述县自然资源局负责人介绍，去年，漳浦县,据上述县自然资源局负责人介绍，去年，漳浦县曾开展过一轮打击非法采矿的行动,,据上述县自然资源局负责人介绍，去年，漳浦县
9193,取缔,据上述县自然资源局负责人介绍，去年，漳浦县,据上述县自然资源局负责人介绍，去年，漳浦县曾开展过一轮打击非法采矿的行动,,
9194,开展,漳浦县政府,漳浦县政府网信息显示，8月初，漳州市委常委、常务副市长张慧德,8月初,漳浦县政府
9196,印发,9月25日，漳浦县,9月25日,9月25日,9月25日，漳浦县
9197,换上,12月21日，港铁大学站,12月21日,12月21日,12月21日
9197,恢复,12月21日，港铁大学站,12月21日,12月21日,12月21日
9198,发表,99.9%、17654,99.9%、17654,99.9%、17654,99.9%、17654
9198,修建,99.9%、17654,99.9%、17654,99.9%、17654,99.9%、17654
9198,研究,99.9%、17654,99.9%、17654,99.9%、17654,99.9%、17654
9199,形成,1979年9月,1979年9月,1979年9月,1979年9月
9199,改成,1979年9月,1979年9月,1979年9月,1979年9月，香港第一班地下铁路列车
9201,公布,11月13日，香港教育局,11月13日,11月13日,11月13日，香港教育局
9202,制定,港铁公司,港铁公司,,
9203,推出,不过，澳门,不过，澳门,,
9204,推荐,她还推荐了最能,她还推荐了最能,,她还推
9205,举办,庆回归晚会,庆回归晚会,,庆回归晚会
9209,建成,大家可能不知道，作曲家冼星海出生在澳门，我们今年建成了一座冼星海纪念馆,大家可能不知道，作曲家冼星海出生在澳门，我们今年建成了一座冼星海纪念馆,,大家可能不知道，作曲家冼星海
9209,出生,大家可能不知道，作曲家冼星海,,,大家可能不知道，作曲家冼星海
9210,发现,自去年6月调入信访局,自去年6月调入信访局,,
9213,制定,他为何宜德,他为何宜德制定了“鹰式教育十商培训”计划,,他为何宜德
9214,找到,新京报记者卫潇雨摄何烈胜,新京报记者卫潇雨摄何烈胜,,
9214,锻炼,新京报记者卫潇雨摄何烈胜,新京报记者卫潇雨摄何烈胜,,
9217,上完,何烈胜,何烈胜,,
9217,告诉,何烈胜,何烈胜,,
9222,参加,何宜德,何宜德参加过乐嘉一个演讲训练营,,何宜德参加过乐嘉一个演讲训练营
9223,找到,训练营结束后，何烈胜,训练营结束后，何烈胜,,训练营结束后，何烈胜
9225,接受,现在有好多人,现在有好多人,,
9225,接受,现在有好多人,现在有好多人,,
9227,反对,三个女儿举着Kim反对家暴的牌子,三个女儿举着Kim反对家暴的牌子,,
9228,改变,Kim：离婚后第一年,Kim：离婚后第一年，我把孩子们寄宿在学校,,
9230,发文,新京报深度报道部出品2019年11月28日，李阳,,2019年11月28日,
9231,伤害,Kim原谅李阳六天后，李阳,Kim原谅李阳六天后，李阳,,
9232,参与,这些年Kim参与反家暴活动，李阳,这些年Kim参与反家暴活动，李阳对此会生气，也许也包括这次采访,,这些年Kim参与反家暴活动
9233,出现,2019年12月30日，武汉市卫健委,2019年12月30日,2019年12月30日,2019年12月3
9234,发现,新京报记者探访华南海鲜市场,新京报记者探访华南海鲜市场,新京报记者探访华南海鲜市场,新京报记者探访华南海鲜市场
9235,发现,新京报记者检索发现，不明原因肺炎病例,新京报记者检索发现，不明原因肺炎病例,,
9236,开通,一位武汉出租车司机告诉新京报记者，海鲜市场,,,一位武汉出租车司机告诉新京报记者，海鲜市场
9237,看到,12月31日,12月31日,12月31日,12月3
9238,告诉,新京报记者,多位店铺老板告诉新京报记者，12月31日,12月31日,多位店铺老板
9240,住院,洪伟,,洪伟（化名）是西区六街一家水产店的老板,
9241,打理,西区二街的另一名商户,西区二街的另一名商户,西区二街的另一名商户,西区二街的另一名商户
9241,转到,西区二街的另一名商户,西区二街的另一名商户,西区二街的另一名商户,西区二街的另一名商户
9242,找到,新京报记者张胜坡摄在店主的指引下，新京报记者,新京报记者张胜坡摄在店主的指引下，新京报记者,,
9243,告诉,其中一家调味料店的邻居商户徐萍,其中一家调味料店的邻居商户徐萍,,
9246,探访,新京报记者张胜坡摄所有病例均已隔离治疗12月31日，新京报记者,,12月31日,新京报记者张胜坡摄所有病例均已隔离治疗
9246,填补,新京报记者张胜坡摄所有病例均已隔离治疗12月31日,新京报记者张胜坡摄所有病例均已隔离治疗12月31日,12月31日,新京报记者张胜坡摄所有病例均已隔离治疗12月31日
9247,来到,急诊病房,急诊病房一位60多岁的患者李静,急诊病房一位60多岁的患者李静,急诊病房
9247,进入,急诊病房,急诊病房一位60多岁的患者李静,急诊病房,急诊病房
9248,激增,12月中旬,,12月中旬,
9248,报道,12月中旬,12月中旬,12月中旬,12月中旬
9249,治疗,12月31日晚上,,12月31日,12月3
9249,查出,12月31日晚上,12月31日,12月31日,12月31日
9250,参与,12月3,12月3,12月3,12月3
9251,发布,新京报记者检索有关论文,新京报记者检索有关论文,新京报记者检索有关论文发现，自2004年,
9251,发现,新京报记者检索有关论文,新京报记者检索有关论文,新京报记者检索有关论文,
9253,发生,2013年，上海市、安徽省、江苏省先后发生不明原因重症肺炎病例,2013年，上海市、安徽省、江苏省先后发生不明原因重症肺炎病例,2013年,2013年，上海市、安徽省、江苏省
9254,发生,北京房山区疾控中心传染病,北京房山区疾控中心传染病与地方病控制科两名医师,北京房山区疾控中心,北京房山区疾控中心
9254,出现,北京房山区疾控中心,北京房山区疾控中心,北京房山区疾控中心,北京房山区疾控中心
9255,发布,”30日当天，香港警方,”30日当天，香港警方,”30日,”30日当天，香港警方
9256,参与,11月12日,11月12日,11月12日,11月12日
9257,驱散,当日，阿华所在的小队,当日，阿华所在的小队50多人,,当日，阿华所在的小队50多人
9257,投掷,当日，阿华所在的小队,当日，阿华所在的小队50多人,当日，阿华所在的小队50,当日，阿华所在的小队50多人
9257,建立,当日，阿华所在的小队50多人,当日，阿华所在的小队50多人,当日，阿华所在的小队50多人,当日，阿华所在的小队50多人
9257,使用,当日，阿华所在的小队,当日，阿华所在的小队50多人,当日，阿华所在的小队50,当日，阿华所在的小队50多人
9257,对峙,当日，阿华所在的小队,,,
9261,增长,从姑苏区成立起，姑苏法院,,从姑苏区成立起，姑苏法院,从姑苏区成立起，姑苏法院
9261,立案,从姑苏区成立起，姑苏法院,,从姑苏区成立起，姑苏法院,
9264,建立,评估、调解、庭审预演就在郏献涛为难时，2016年，最高人民法院,评估、调解、庭审预演就在郏献涛为难时，2016年，最高人民法院,2016年,评估、调解、庭审预演就在郏献涛为难时
9265,找到,作为文件起草人，郏献涛,作为文件起草人，郏献涛,,
9266,召开,姑苏区法院、区司法局,姑苏区法院、区司法局共同召开中立评估构建研讨会,,姑苏区法院
9267,介绍,受访者供图2019年年初，朱建军,受访者供图2019年年初，朱建军,受访者供图2019年年初,受访者供图2019年年初，朱建军
9269,发布,2019年11月21日下午，区司法局,2019年11月21日下午，区司法局一位工作人员,2019年11月21日下午,2019年11月21日下午，区司法局一位工作人员
9270,增补,由于绝大多数中立评估案件的效果不错，姑苏法院,由于绝大多数中立评估案件的效果不错，姑苏法院,,
9272,申请,”2016年，郑中基,”2016年，郑中基想召开入行20年演唱会，但向红馆,2016年，郑中基想召开入行20年演唱会,”2016年，郑中基想召开入行20年演唱会
9273,参与,早在一年前，陈奕迅团队,早在一年前，陈奕迅团队,,早在一年前，陈奕迅团队
9274,发射,示威者,示威者,,
9274,纵火,示威者,,,
9274,堆放,示威者,示威者,,
9275,举办,当晚，红馆,当晚，红馆,,当晚，红馆
9276,打得,红馆,红馆,,
9279,举办,2003年11月6日，身患癌症的梅艳芳,2003年11月6日,2003年11月6日,2003年11月6日，身患癌症的梅艳芳
9280,邀请,当时，她在谭咏麟,当时，她在谭咏麟的餐厅,,当时，她在谭咏麟的餐厅
9280,召开,当时，她在谭咏麟,当时，她在谭咏麟的餐厅,,当时，她在谭咏麟的餐厅
9281,介绍,还没顾得上具体展示，费月锦,还没顾得上具体展示，费月锦,,
9282,拍卖,网页截图2019年12月6日，河南省新乡市红旗区法院,,2019年12月6日,网页截图2019年12月6日
9283,投放,二拍时，宁波中院,宁波中院,,宁波中院
9283,放上,二拍时，宁波中院,宁波中院,,宁波中院
9283,调整,二拍时，宁波中院,宁波中院调整策略,,宁波中院调整策略
9284,接受,此外，金首,此外，金首还多次参加过新闻发布会,,此外，金首还多次参加过新闻发布会
9284,参加,金首,此外，金首还多次参加过新闻发布会,,此外，金首还多次参加过新闻发布会
9286,接受,多家法院,多家法院,,
9287,要求,当晚，仪征市公安局,当晚，仪征市公安局,,
9288,告诉,彭在林的家属,彭在林的家属告诉新京报记者,,
9288,不断,彭在林,彭在林,,
9289,发布,新京报记者张惠兰,新京报记者张惠兰摄1月1日当晚，仪征市公安局,1月1日,新京报记者张惠兰摄1月1日当晚，仪征市公安局
9290,闯进,仪征市公安局上述知情人士告诉新京报记者，彭在林闯进店里时，杨恩荣,仪征市公安局上述知情人士告诉新京报记者，彭在林闯进店里时，杨恩荣,,
9290,告诉,仪征市公安局上述知情人士,仪征市公安局上述知情人士告诉新京报记者，彭在林闯进店里时，杨恩荣,,仪征市公安局上述知情人士
9291,考上,杨恩荣,杨恩荣的表姐告诉新京报记者，杨榕,,杨恩荣
9294,发现,彭在林,彭在林的亲属告诉新京报记者，他们听说，1月2日早晨,彭在林,彭在林的亲属告诉新京报记者，他们听说，1月2日早晨
9300,要求,彭在林家属提供的2014年9月刘集派出所为彭家的拆迁纠纷作的讯问笔录,彭在林家属提供的2014年9月刘集派出所为彭家的拆迁纠纷作的讯问笔录,彭在林家属提供的2014年9月,彭在林家属提供的2014年9月
9300,反悔,彭在林家属提供的2014年9月刘集派出所为彭家的拆迁纠纷作的讯问笔录,,彭在林家属提供的2014年9月,
9301,同意,彭在林,彭在林的小舅子周传英,,
9302,参与,李孝梅在2014年9月作的一份笔录中称，杨恩荣,李孝梅在2014年9月作的一份笔录中称，杨恩荣,李孝梅在2014年9月,李孝梅在2014年9月作的一份笔录中称，杨恩荣
9302,参与,李孝梅在2014年9月作的一份笔录中称，杨恩荣,李孝梅在2014年9月作的一份笔录中称，杨恩荣,李孝梅在2014年9月,李孝梅在2014年9月作的一份笔录中称，杨恩荣
9303,驳回,对自己被判故意毁坏财物罪，彭在林,对自己被判故意毁坏财物罪，彭在林,,对自己被判故意毁坏财物罪，彭在林
9307,学习,她爱看百老汇的歌剧，从11岁开始,她爱看百老汇的歌剧,她爱看百老汇的歌剧,她爱看百老汇的歌剧
9307,学习,她爱看百老汇的歌剧,她爱看百老汇的歌剧,她爱看百老汇的歌剧,她爱看百老汇的歌剧
9308,找到,2018年，在拍摄《瞒天过海：美人计》时，奥卡菲娜,2018年，在拍摄《瞒天过海：美人计》时，奥卡菲娜,2018年,2018年，在拍摄《瞒天过海：美人计》时，奥卡菲娜
9309,回到,新京报记者王双兴摄2015年，6岁的露露,新京报记者王双兴摄2015年，6岁的露露,2015年,新京报记者王双兴摄2015年，6岁的露露
9309,治疗,新京报记者王双兴摄2015年，6岁的露露,新京报记者王双兴摄2015年，6岁的露露,2015年，6岁的露露,新京报记者王双兴摄2015年，6岁的露露
9309,查出,新京报记者王双兴摄2015年，6岁的露露,新京报记者王双兴摄2015年，6岁的露露,2015年,新京报记者王双兴摄2015年，6岁的露露
9312,申请,一个5岁小孩,一个5岁小孩,,
9312,起诉,一个5岁小孩,一个5岁小孩,,
9312,引发,一个5岁小孩,一个5岁小孩,,
9312,发,一个5岁小孩,一个5岁小孩,,
9313,制定,叙州区政府,叙州区政府,,
9313,召开,叙州区政府,叙州区政府,,叙州区政府
9318,偷窃,被她,,,
9318,释放,被她偷过的多家村民,被她偷过的多家村民告诉新京报记者，早晨她被派出所,,
9320,去过,罗天银,罗天银,,罗天银
9323,制定,叙州区政府,”2018年12月28日,2018年12月28日,”2018年12月28日，叙州区政府
9323,召开,叙州区政府,”2018年12月28日,2018年12月28日,”2018年12月28日，叙州区政府
9325,通话,”刘益,,,
9326,花费,”吴云强,”吴云强还告诉新京报记者，包括学费,,
9329,搬迁,受访者供图向阳路街区云阳里小区居委会也注意到了王慧,,,
9330,成立,王慧,王慧,,王慧
9331,告诉,重病之前，他,重病之前，他还,,重病之前，他
9332,发布,儿子赵方,儿子赵方,,儿子赵方
9336,要求,为此，总理,为此，总理,,
9337,摒除,而该省,而该省14个市州、48个县(市)区也相继发布倡议书,,
9338,传播,然而2月21日起形势突变，疫情,然而2月21日起形势突变，疫情,然而2月21日,然而2月21日
9338,蔓延,然而2月21日,,然而2月21日,然而2月21日起形势突变
9340,通报,▲广州增城警方,▲广州增城警方,,▲广州增城警方
9341,发表,申军良,申军良,,申军良
9343,当选,中国国民党3月7日,中国国民党3月7日,中国国民党3月7日,中国国民党3月7日
9343,举行,中国国民党3月7日,中国国民党3月7日,中国国民党3月7日,中国国民党3月7日
9344,发生,3月7日晚,3月7日,3月7日,3月7日
9345,做出,3月7日,3月7日的国务院联防联控机制新闻发布会,3月7日,3月7日的国务院联防联控机制新闻发布会
9346,推动,如北京八大交通枢纽,如北京八大交通枢纽,,如北京八大交通枢纽
9347,发生,■来论3月7日,■来论3月7日,■来论3月7日,■来论3月7日
9351,提出,3月4日,3月4日,3月4日,3月4日，中央政治局常务委员会会议
9351,研究,3月4日,3月4日,3月4日,3月4日，中央政治局常务委员会会议
9352,举办,2月9日,2月9日,2月9日,2月9日
9352,出院,2月9日，徐州市首例被确诊的新冠肺炎患者王某,,2月9日,
9352,回到,2月9日,2月9日,2月9日,2月9日
9354,分析,2月13日,2月13日,2月13日,
9355,产生,到了3月3日,到了3月3日,3月3日,
9356,公布,图片来源：新京报网,图片来源：新京报网,,图片来源：新京报网
9357,公布,国家卫生健康委,国家卫生健康委、人力资源和社会保障部、国家中医药管理局,,国家卫生健康委
9358,解决,在这方面，工信部,在这方面，工信部,,
9358,提升,在这方面，工信部,在这方面，工信部,,
9360,公布,今年2月27日，司法部,今年2月27日,今年2月27日,今年2月27日，司法部
9361,吸引,中国,中国的综合国力日益上升,,
9362,公布,虽然中国在2004年,虽然中国在2004年就公布了类似美国“绿卡”政策的永居人才项目,虽然中国在2004年,虽然中国在2004年
9365,发生,比如孙杨,比如孙杨曾经,,比如孙杨曾经
9365,发生,比如孙杨,比如孙杨曾经,,比如孙杨曾经
9366,解决,好在相关职能部门,好在相关职能部门,,
9369,收到,一份怀化市人民检察院,一份怀化市人民检察院,,一份怀化市人民检察院
9369,移送,一份怀化市人民检察院,一份怀化市人民检察院,,一份怀化市人民检察院
9372,处理,当年，教育局,当年，教育局真的收到了一封关于操场工程质量问题的举报信,,
9373,组织,家属找到学校后，黄炳松,家属找到学校后，黄炳松,,家属找到学校后，黄炳松
9373,告诉,家属找到学校后，黄炳松,家属找到学校后，黄炳松,,家属找到学校后，黄炳松
9375,找到,一位杜少平的旧相识告诉新京报记者，下岗后的杜少平,一位杜少平的旧相识告诉新京报记者，下岗后的杜少平,,
9376,找到,曹云犹豫着找到杜少平,曹云犹豫着找到杜少平,,
9377,离开,她告诉新京报记者，自己,她告诉新京报记者，自己,,她告诉新京报记者，自己
9379,新增,工商信息显示，2014年4月25日,工商信息显示，2014年4月25日,2014年4月25日,
9380,承包,吴小准,6月23日，吴小准,6月23日,6月23日，吴小准
9380,找,吴小准,6月23日，吴小准,6月23日,6月23日，吴小准
9383,举报,”多名社会人士告诉新京报记者，“泼硫酸”事件后，宋峙霖,”多名社会人士告诉新京报记者，“泼硫酸”事件后，宋峙霖,,”多名社会人士
9383,离开,”多名社会人士告诉新京报记者，“泼硫酸”事件后，宋峙霖,”多名社会人士告诉新京报记者，“泼硫酸”事件后，宋峙霖,,”多名社会人士告诉新京报记者，“泼硫酸”事件
9383,躲回,”多名社会人士告诉新京报记者，“泼硫酸”事件后，宋峙霖,”多名社会人士告诉新京报记者，“泼硫酸”事件后，宋峙霖,,”多名社会人士告诉新京报记者，“泼硫酸”事件
9383,告诉,”多名社会人士告诉新京报记者，“泼硫酸”事件后，宋峙霖,”多名社会人士告诉新京报记者，“泼硫酸”事件后，宋峙霖,,”多名社会人士
9386,接手,曾在永顺县小溪完全小学支教三年的仲宝平,曾在永顺县小溪完全小学支教三年的仲宝平,,曾在永顺县小溪完全小学支教三年的仲宝平
9387,反映,但是，吴莉,但是，吴莉告诉记者，“贫困户,,
9390,成立,10月20日，永顺,10月20日,10月20日,10月20日
9391,研究,”德保县县长陆兰碧,”德保县县长陆兰碧,”德保县县长陆兰碧,”德保县县长陆兰碧
9394,测试,志愿者,9月8日,9月8日,9月8日，志愿者
9396,组织,”记者获悉，目前德保县政府,”记者获悉，目前德保县政府,,”记者获悉，目前德保县政府
9397,出生,两人各有家庭，却发生了一夜情，2006年10月，刘世豪,,2006年10月，刘世豪,
9397,发生,两人各有家庭，却发生了一夜情，2006年10月，刘世豪,两人各有家庭，却发生了一夜情，2006年10月，刘世豪,2006年10月，刘世豪,2006年10月，刘世豪
9398,支付,案子到了法官顾薛磊,案子到了法官顾薛磊,,
9400,启动,当时，北京市海淀区检察院,当时，北京市海淀区检察院,,当时，北京市海淀区检察院
9401,改变,尤丽娜,尤丽娜对着女孩,,
9403,做出,培训后，普陀检察院,培训后，普陀检察院,,
9404,叫来,为了把这种新型强制亲职教育变为可操作的制度，2019年春节假期,为了把这种新型强制亲职教育变为可操作的制度，2019年春节假期,为了把这种新型强制亲职教育,为了把这种新型强制亲职教育
9405,指导,见面前，她,见面前，她特地找到已是长宁法院未成年人与家事案件综合审判庭负责人的顾薛磊,,见面前，她特地
9405,找到,她特地,见面前，她特地,,她特地
9406,接受,”从2019年7月起，刘美莲,”从2019年7月起，刘美莲,2019年7月起，刘美莲,”从2019年7月起，刘美莲
9407,开展,长宁区委政法委,长宁区委政法委,,
9408,改变,在章媛媛等社工的指导下，刘美莲,在章媛媛等社工的指导下，刘美莲,,
9410,转入,上世纪80年代，她,上世纪80年代，她,上世纪8,上世纪80年代，她
9410,下海,上世纪80年代，她,,上世纪8,上世纪80年代
9411,恢复,张淑贞,在此之前，张淑贞,,
9412,参加,她参加过北京市模特队,她参加过北京市模特队,,她参加过北京市模特队
9412,参加,她参加过北京市模特队,她参加过北京市模特队,,她参加过北京市模特队
9413,拍摄,张淑贞,,9月17日，张淑贞,
9414,离开,集装箱,而集装箱,而集装箱于10月22日,而集装箱
9414,离开,集装箱,而集装箱,而集装箱于10月22日,而集装箱
9415,登记,10月23日晚间，警方,10月23日,10月23日,10月23日
9416,发现,2000年6月18日,2000年6月18日，一辆挂着荷兰牌照、装载着西红柿,2000年6月18日,2000年6月18日
9416,到达,2000年6月18日,2000年6月18日,2000年6月18日,2000年6月18日
9418,发现,”他说，不久前美国刚刚发生过一起事故,他说，不久前美国刚刚发生过一起事故,,他说，不久前美国刚刚发生过一起事故
9419,导致,2008年，119名缅甸非法劳工,2008年，119名缅甸非法劳工,2008年，119,2008年，119名缅甸非法劳工
9421,发布,去年9月，联合国难民事务高级专员公署,去年9月，联合国难民事务高级专员公署,去年9月,去年9月，联合国难民事务高级专员公署
9422,增加,报告指出，从比例,报告指出，从比例,,
9422,上升,报告指出，从比例,报告指出，从比例看，这段线路的非法移民的死亡比例,,
9423,调查,警方正在调查遇难者,警方正在调查遇难者,,警方正在调查遇难者
9424,发现,10月25,10月25,10月25,10月25
9425,给予,10月18日,10月18,10月18日,10月18
9427,发布,裕华区家庭医生服务模式,裕华区家庭医生服务模式,裕华区家庭医生服务模式,裕华区家庭医生服务模式
9428,去,朱洪平,朱洪平女儿朱丽,,
9428,告诉,朱洪平,朱洪平女儿朱丽,,
9429,建立,10月20日,10月20日,10月20日,10月20日，裕强社区卫生服务中心主任袁睿
9430,发现,冯桂花的血压已经处于正常范围，但袁睿,虽然当时冯桂花的血压已经处于正常范围，但袁睿,,
9434,介绍,”郑州卫生系统人员,”郑州卫生系统人员,,”郑州卫生系统人员
9435,举办,郑州回来后，2012年5月15日,2012年5月15日，裕华区举办了“片医”负责制团队启动仪式,2012年5月15日,2012年5月15日
9437,离开,”裕华区社区卫生管理中心副主任刘卫华,”裕华区社区卫生管理中心副主任刘卫华,,
9437,咨询,”裕华区社区卫生管理中心副主任刘卫华,”裕华区社区卫生管理中心副主任刘卫华,,
9438,提供,为了提高基层诊疗水平，各社区卫生服务中心,为了提高基层诊疗水平，各社区卫生服务中心,,为了提高基层诊疗水平，各社区卫生服务中心
9438,建立,为了提高基层诊疗水平，各社区卫生服务中心,为了提高基层诊疗水平，各社区卫生服务中心,,为了提高基层诊疗水平，各社区卫生服务中心
9439,提升,新京报记者李英强摄除了借力大医院,新京报记者李英强摄除了借力大医院,,
9440,提升,裕华区社区卫生服务管理中心负责人介绍，裕华区,裕华区社区卫生服务管理中心负责人介绍，裕华区已连续八年举办卫生服务技能和知识竞赛,,
9440,举办,裕华区社区卫生服务管理中心负责人介绍，裕华区,裕华区社区卫生服务管理中心负责人介绍，裕华区已连续八年举办卫生服务技能和知识竞赛,,裕华区社区卫生服务管理中心负责人介绍，裕华区
9441,发布,”2016年5月25日,”2016年5月25日,”2016年5月25日,”2016年5月25日，在裕华区家庭医生服务模式
9442,提升,在2017年和2019年的政府工作报告中，国务院总理李克强,在2017年和2019年的政府工作报告,2017年,
9443,发布,今年5月，北京市卫健委,今年5月，北京市卫健委,今年5月,今年5月，北京市卫健委
9446,形成,走在300,走在300,,走在300多
9447,参加,常嘉煌,常嘉煌说，时任敦煌市委书记，市长参加了奠基仪式,,常嘉煌说，时任敦煌市委书记，市长参加了奠基仪式
9450,选择,但由于投影仪只适合大轮廓，细节显示不清，陈江晓,但由于投影仪只适合大轮廓，细节显示不清，陈江晓,,
9450,选择,但由于投影仪只适合大轮廓，细节显示不清，陈江晓,但由于投影仪只适合大轮廓，细节显示不清，陈江晓,,
9452,提出,不过，在看了复原壁画的边饰后，常嘉煌,不过，在看了复原壁画的边饰后，常嘉煌,,
9455,解决,陈江晓,陈江晓,,
9456,解决,石窟上面的地面建筑里有个小厨房，陈江晓,石窟上面的地面建筑里有个小厨房,,石窟上面的地面建筑里有个小厨房，陈江晓
9457,找到,陈江晓和常嘉煌,9月15日，陈江晓和常嘉煌,9月15日,9月15日，陈江晓和常嘉煌
9458,制作,陈江晓,陈江晓,,陈江晓
9458,利用,陈江晓,陈江晓,,陈江晓
9459,加入,这次，陈江晓,这次，陈江晓和常嘉煌,,这次，陈江晓和常嘉煌
9459,找到,这次，陈江晓,这次，陈江晓和常嘉煌,,这次，陈江晓和常嘉煌
9460,成立,”当日，重庆大学,”当日，重庆大学,,”当日，重庆大学
9461,发现,”10月19日，重庆大学教师李瑞,”10月19日,”10月19日,”10月19日，重庆大学教师李瑞
9462,成立,10月15日,10月15日,10月15日,10月15日
9464,派,10月17日,10月17,10月17日,10月17
9464,批准,10月17日,10月17,10月17日,10月17
9466,发现,”新京报记者查询《博物馆条例,”新京报记者查询《博物馆条例,,
9466,管理,”新京报记者查询《博物馆条例》，发现有相关条款规定，文物主管部门,”新京报记者查询《博物馆条例,,
9467,参与,”张丁介绍，人民大学家书博物馆,”张丁介绍，人民大学家书博物馆,,”张丁介绍，人民大学家书博物馆
9467,组织,”张丁介绍，人民大学家书博物馆,”张丁介绍，人民大学家书博物馆,,”张丁介绍，人民大学家书博物馆
9471,设立,2011年，国家文物局,2011年，国家文物局,2011年,2011年，国家文物局
9472,建设,李瑞说，重庆大学,李瑞说，重庆大学,李瑞说，重庆大学,李瑞说，重庆大学
9473,参与,同样在偏重理工科的南方科技大学，唐际根,同样在偏重理工科的南方科技大学，唐际根,,同样在偏重理工科的南方科技大学，唐际根
9473,发掘,同样在偏重理工科的南方科技大学，唐际根,,,同样在偏重理工科的南方科技大学，唐际根
9473,带着,同样在偏重理工科的南方科技大学，唐际根,同样在偏重理工科的南方科技大学，唐际根,,同样在偏重理工科的南方科技大学，唐际根
9474,增加,周冬雨,周冬雨,,
9474,贡献,周冬雨,周冬雨,,
9475,发布,电影上映后的第三天，扮演少年小北的演员易烊千玺,电影上映后的第三天，扮演少年小北的演员易烊千玺在微博,,电影上映后的第三天，扮演少年小北的演员易烊千玺
9477,促进,周浩,周浩,,
9478,接受,10月18日的广州妇儿，刘喜红,10月18日的广州妇儿，刘喜红,10月18日,10月18日的广州妇儿，刘喜红
9479,诞生,从美国回来，刘喜红,,,从美国回来，刘喜红
9479,提出,从美国回来，刘喜红,从美国回来，刘喜红,,从美国回来，刘喜红
9480,成立,2015年9月15日,2015年9月15日,2015年9月15日,2015年9月15日
9482,拒绝,刘喜红,刘喜红,,
9487,给予,与广州不同，上海市财政,与广州不同，上海市财政,,与广州不同，上海市财政
9488,呼吁,安全监管方面，2017年,安全监管方面，2017年,2017年,
9490,形成,身为总经理的杨得龄,身为总经理的杨得龄,,
9492,提出,1963年，汾酒厂,1963年，汾酒厂,1963年,1963年，汾酒厂
9493,观察,韩英介绍，从1965年2月,韩英介绍，从1965年2月至5月为期4个多月的调查研究,韩英介绍，从1965年2月,
9493,摸索,韩英介绍，从1965年2月至5月为期4个多月的调查研究，试点工作组,韩英介绍，从1965年2月至5月为期4个多月的调查研究,韩英介绍，从1965年2月,
9495,提出,”2015年4月25日，“汾酒,”2015年4月25日，“汾酒,”2015年4月25日,”2015年4月25日，“汾酒
9495,举行,”2015年4月25日，“汾酒,”2015年4月25日，“汾酒,”2015年4月25日,”2015年4月25日，“汾酒
9496,参加,受访者供图喝白酒的N种方法,受访者供图喝白酒的N种方法2017年夏天,受访者供图喝白酒的N种方法2017年夏天,受访者供图喝白酒的N种方法2017年夏天
9497,成立,为了快速应对市场挑战，加快新产品的开发，汾酒集团,为了快速应对市场挑战，加快新产品的开发，汾酒集团,2017年,为了快速应对市场挑战，加快新产品的开发，汾酒集团
9498,发布,今年10月25日，汾酒发布2019年三季报,今年10月25日,今年10月25日,今年10月25日，汾酒发布2019年三季报
9501,创立,1948年，潘汉典,1948年，潘汉典,1948年，潘汉典,1948年，潘汉典
9501,参与,1948年，潘汉典,1948年，潘汉典,1948年，潘汉典,1948年，潘汉典
9502,翻译,在上学时，潘汉典,在上学时，潘汉典,,在上学时，潘汉典
9504,找到,薛波,于是，薛波找到了潘汉典,,薛波找到了潘汉典
9505,担任,作为东吴大学法学院的毕业生，潘汉典,作为东吴大学法学院的毕业生，潘汉典,,作为东吴大学法学院的毕业生，潘汉典
9506,出席,潘汉典,”2012年9月7日，92岁的潘汉典,2012年9月7日,”2012年9月7日，92岁的潘汉典
9507,开车,2019年8月16日，这一天是2019年北京举办国际潮玩展的日子，王蛋蛋,,2019年8月16日,2019年8月16日
9507,举办,2019年8月16日，这一天是2019年北京举办国际潮玩展的日子，王蛋蛋,2019年8月16日,2019年8月16日,2019年8月16日
9509,发现,”王蛋蛋,”王蛋蛋,,
9510,告诉,”在盲盒,”在盲盒,,
9512,开展,值得注意的是，事发时，登封市,值得注意的是，事发时，登封市正在开展对武校的大规模专项治理行动,,值得注意的是，事发时，登封市
9514,暂停,10月26日,,10月26日,10月26日
9514,告诉,10月26日,10月26日,10月26日,10月26日
9515,督促,程家全告诉新京报记者，释延洹,程家全告诉新京报记者，释延洹,,
9515,发生,程家全告诉新京报记者，释延洹,程家全告诉新京报记者，释延洹,,
9517,告诉,10月25日,10月25日,10月25日,10月25日
9518,发现,以前程家全夫妻去登封,以前程家全夫妻去登封,,以前程家全夫妻去登封
9518,看望,以前程家全夫妻去登封,以前程家全夫妻去登封,,以前程家全夫妻去登封
9518,去,程家全夫妻去登封,以前程家全夫妻去登封,,以前程家全夫妻去登封
9520,抽打,10月26日,,10月26日,
9520,发现,10月26日,10月26日,10月26日,
9521,涉及,新京报记者调查发现，释延洹,新京报记者调查发现，释延洹,,
9522,送到,4月19日，安徽人张文武,4月19日，安徽人张文武,4月19日,4月19日，安徽人张文武
9523,训练,张胜,,,
9524,告诉,程家全告诉新京报记者,程家全告诉新京报记者,,
9525,住,程杰,程杰告诉新京报记者，虽然拜了自称少林武僧的释延洹,,程杰告诉新京报记者，虽然拜了自称少林武僧的释延洹
9526,找到,10月25日，新京报记者,10月25日,10月25日,10月25日
9527,发生,今年4月，新京报曾经报道过登封市小龙武校发生的一起6岁女童死亡事件,今年4月，新京报曾经报道过登封市小龙武校发生的一起6岁女童死亡事件,今年4月,今年4月
9528,进驻,根据登封市委统战部发布的公开资料，在这场专项整治行动中，登封市,根据登封市委统战部,,根据登封市委统战部
9528,成立,根据登封市委统战部发布的公开资料，在这场专项整治行动中，登封市,根据登封市委统战部发布的公开资料，在这场专项整治行动中，登封市,,根据登封市委统战部
9529,参与,10月31日,10月31日,10月31日,10月31日
9529,告诉,10月31日,10月31日,10月31日,10月31日
9530,参与,该武校,该武校,该武校,该武校
9532,发生,据新京报此前报道，8月30日,据新京报此前报道，8月30日,据新京报此前报道，8月30日,据新京报此前报道，8月30日
9534,发现,10月30日,10月30日,10月30日,10月30日
9536,转入,新京报记者从登封市教体局,新京报记者从登封市教体局了解到，今年4月，武术管理中心,新京报记者从登封市教体局了解到，今年4月,新京报记者从登封市教体局
9538,怀孕,新京报记者祖一飞摄“第二春”黄维平,,,
9539,告诉,新京报记者祖一飞摄枣庄市妇幼保健院主任医师刘成文,新京报记者祖一飞摄枣庄市妇幼保健院主任医师刘成文,,新京报记者祖一飞摄枣庄市妇幼保健院主任医师刘成文
9541,创造,黄维平,即便住在城市的小区里，黄维平,,即便住在城市的小区里，黄维平
9543,加入,美国著名神探李昌钰,美国著名神探李昌钰,,美国著名神探李昌钰
9545,找到,”他抱着一摞自己的绘画作品,”他抱着一摞自己的绘画作品,,
9546,发生,林宇辉,林宇辉,林宇辉,林宇辉
9546,发生,林宇辉,林宇辉,林宇辉,林宇辉
9547,传给,2016年，内蒙古通辽市发生一起故意杀人案，当地警方,2016年，内蒙古通辽市发生一起故意杀人案，当地警方,2016年，内蒙古通辽市,2016年，内蒙古通辽市
9547,发生,2016年，内蒙古通辽市,2016年，内蒙古通辽市,2016年，内蒙古通辽市,2016年，内蒙古通辽市
9547,发生,2016年，内蒙古通辽市,2016年，内蒙古通辽市,2016年，内蒙古通辽市,2016年，内蒙古通辽市
9548,选择,送完单,送完单,,送完单
9549,召开,“快递小哥”背后的“宅经济”2月23日,“快递小哥”背后的“宅经济”2月23日,“快递小哥”背后的“宅经济”2月23日,“快递小哥”背后的“宅经济”2月23日
9550,成立,3月12日，国务院,3月12日,3月12日,3月12日，国务院
9551,发现,新京报记者检索发现，鲤城区,新京报记者检索发现，鲤城区并无“都平路,,
9552,获救,3月10日晚间，事故发生约70个小时后，温州人游绍峰,,3月10日,
9552,发生,3月10日晚间，事故,3月10日,3月10日,3月10日晚间，事故
9553,发现,3月12日上午，事故发生112个小时后，消防人员,3月12日上午，事故发生112个小时后，消防人员,3月12日上午,
9553,发生,3月12日上午，事故,3月12日上午,3月12日上午,
9554,执行,武汉市青山区消防员,武汉市青山区消防员在街道执行消杀任务,,武汉市青山区消防员在街道执行消杀任务
9555,制作,李长春,李长春,,
9557,制定,李长春,为此，李长春带着同事，和运行指挥部反复商讨，制定现场保卫方案,,
9557,出动,为此，李长春,为此，李长春,,
9557,制定,李长春,为此，李长春带着同事，和运行指挥部反复商讨，制定现场保卫方案,,
9558,成立,3月17日,3月17日,3月17日,3月17
9558,派驻,3月17日,3月17,3月17日,3月17
9560,发现,翟帅,翟帅回忆，有一回,,
9560,完成,翟帅回忆，有一回，他和队员们,翟帅回忆，有一回，他和队员们完成任务,,翟帅回忆，有一回，他和队员们
9560,传来,翟帅,翟帅回忆，有一回,,翟帅回忆，有一回
9560,到,翟帅,翟帅回忆，有一回,,翟帅回忆，有一回，他和队员们完成任务，到加油站
9561,推行,2003年,2003年,2003年,2003年
9561,提出,2003年，他,2003年,2003年,2003年
9562,培养,在理工科院校建筑教育的“正规军,在理工科院校建筑教育,,在理工科院校建筑教育的“正规军
9563,学习,校园,校园内一处占地数百平米,,校园内一处占地数百平米
9563,学习,校园,校园内一处占地数百平米,,校园内一处占地数百平米
9564,推荐,王澍,那时的王澍,,那时的王澍
9566,参与,”广袤乡村的实践除了校园内的课程，王澍,”广袤乡村的实践除了校园内的课程,,”广袤乡村的实践
9566,调研,”广袤乡村的实践除了校园内的课程，王澍,”广袤乡村的实践除了校园内的课程,,”广袤乡村的实践
9566,参与,”广袤乡村的实践除了校园内的课程，王澍,”广袤乡村的实践除了校园内的课程,,”广袤乡村的实践
9567,参与,浙江杭州，富阳洞桥镇文村，王澍,浙江杭州，富阳洞桥镇文村，王澍,,浙江杭州，富阳洞桥镇文村，王澍
9568,发现,”经过观察，学生们发现村民,”经过观察，学生们发现村民,,
9568,建了,”经过观察，学生们发现村民,”经过观察，学生们发现村民常用三层阶梯式的洗手池,,”经过观察，学生们发现村民常用三层阶梯式的洗手池
9569,发生,在“三校联合夏令营”中，王澍,在“三校联合夏令营,,在“三校联合夏令营
9570,成立,30岁那年，他在北京成立了一家建筑师事务所,30岁那年，他在北京成立了一家建筑师事务所,30岁那年,30岁那年，他在北京成立了一家建筑师事务所
9571,发现,我记得有一次，学生们,我记得有一次，学生们,,
9573,举行,3月15日,3月15日,3月15日,3月15日
9574,提供,此前，于1月23日,此前，于1月23日,1月23日,
9575,提高,顶尖专家,顶尖专家,,
9577,举行,比如中华医学会重症分会,比如中华医学会重症分会,,比如中华医学会重症分会
9577,组织,比如中华医学会重症分会,比如中华医学会重症分会,,比如中华医学会重症分会
9578,开展,我们中国重症超声研究组的专家团队,我们中国重症超声研究组的专家团队,,我们中国重症超声研究组的专家团队
9579,开展,同年9月，中国医学基金会,同年9月，中国医学基金会,同年9月,同年9月，中国医学基金会
9579,成立,中国医学基金会,同年9月，中国医学基金会,同年9月,同年9月，中国医学基金会
9580,发布,1999年底，原卫生部,1999年底,1999年底,1999年底，原卫生部
9582,启动,3月16日,3月16日,3月16日,3月1
9583,接受,志愿者,志愿者,,
9584,撤离,国家卫健委医政医管局监察专员郭燕红介绍，按照工作计划，国家医疗救治专家组,,,
9585,告诉,他们,他们,,
9585,作,他们,他们,,
9587,介绍,周新：最近就有一个关于解剖的讨论,周新：最近就有一个关于解剖的讨论,,
9587,介绍,周新：最近就有一个关于解剖的讨论,周新：最近就有一个关于解剖的讨论,,
9589,参与,我们国家参与新冠肺炎,我们国家参与新冠肺炎,,我们国家参与新冠肺炎
9589,参与,我们国家参与新冠肺炎,我们国家参与新冠肺炎,,我们国家参与新冠肺炎
9590,知道,他告诉记者，申聪,他告诉记者，申聪,,
9591,从事,如今，任中国人,如今，任中国人,,如今，任中国人
9591,关注,如今，任中国人,如今，任中国人,,
9591,关注,如今，任中国人,如今，任中国人,,
9593,发生,我是2001年10月,我是2001年10月调至卫生部的，2003年2月7日,我是2001年10月,我是2001年10月
9593,告知,我是2001年10月,我是2001年10月调至卫生部的，2003年2月7日,我是2001年10月,我是2001年10月
9593,调至,我是2001年10月,我是2001年10月,我是2001年10月,我是2001年10月
9595,找到,2002-2003年SARS首先发生于佛山,2002-2003年SARS首先发生于佛山,2002-2003年,2002-2003年SARS首先发生于佛山
9596,得出,所以我认为应请世界卫生组织,所以我认为应请世界卫生组织,,
9597,通知,一位田姓项目经理告诉家属,一位田姓项目经理,一位田姓项目经理告诉家属,
9597,告诉,一位田姓项目经理告诉家属,一位田姓项目经理,一位田姓项目经理,
9598,告诉,严军,严军,,
9598,被救的时间差不多隔,严军,,,
9599,发布,而事发前一天，新余市气象局,而事发前一天，新余市气象局,,
9600,发生,3月30日15时，四川凉山州西昌市泸山发生森林火灾,3月30日15时，四川凉山州西昌市泸山发生森林火灾,3月30日,3月30日15时，四川凉山州西昌市泸山发生森林火灾
9601,发布,图/宁南发布视频截图,图/宁南发布视频截图,,
9602,到达,22时40分许,22时40分,22时40分,22时40分
9603,告诉,一个小时左右，巡山队员打回电话告诉张勇,一个小时左右，巡山队员打回电话,,
9604,参加,”柳树桩村民吉克,”柳树桩村民吉克参加了另一个10多人的志愿打火队,,”柳树桩村民吉克参加了另一个10多人的志愿打火队
9605,发现,”柳树桩一位参加救援的民兵,”柳树桩一位参加救援的民兵,,”柳树桩一位参加救援的民兵
9606,扩散,3月3,,3月3,3月3
9606,形成,3月3,3月3,3月3,3月3
9607,开展,宁南县,宁南县披砂镇下村一名村干部,,宁南县披砂镇下村
9607,组织,宁南县,宁南县披砂镇下村一名村干部,,宁南县披砂镇下村一名村干部
9607,加入,宁南县披砂镇下村一名村干部介绍，村民,宁南县披砂镇下村一名村干部介绍，村民,,宁南县披砂镇下村一名村干部介绍，村民
9608,去,专业扑火队二班长刘胜云,专业扑火队二班长刘胜云,,专业扑火队二班长刘胜云
9608,获得,专业扑火队二班长刘胜云,专业扑火队二班长刘胜云,,专业扑火队二班长刘胜云
9615,调集,据西昌市人民政府,据西昌市人民政府,据西昌市人民政府,据西昌市人民政府
9615,发生,据西昌市人民政府,据西昌市人民政府新闻办公室官方微博消息，当日15时，西昌市泸山发生森林火灾,据西昌市人民政府,据西昌市人民政府
9616,参与,受访者供图在此次西昌大火中，包括宁南扑火队,受访者供图在此次西昌大火中，包括宁南扑火队,,受访者供图在此次西昌大火中，包括宁南扑火队
9617,到达,当天22点40分，21名宁南县专业扑火队员,当天22点40分，21名宁南县专业扑火队员,当天22点40分,当天22点40分，21名宁南县专业扑火队员
9618,参加,他,为了提升自己，他还参加了政府组织的厨师班,,为了提升自己，他还参加了政府组织的厨师班
9619,参加,同学王林说，2010年左右，陈章华,同学王林说，2010年左右，陈章华,同学王林说，2010年左右，陈章华,同学王林说，2010年左右，陈章华
9619,加入,同学王林说，2010年左右，陈章华,同学王林说，2010年左右，陈章华,同学王林说，2010年左右，陈章华,同学王林说，2010年左右，陈章华
9620,发布,2020年3月12日,2020年3月12日,2020年3月12日,2020年3月1
9622,进行,宁南扑火队,宁南扑火队,,
9624,安排,”据“西昌,”据“西昌发布”消息，截至3月31日上午10点,”据“西昌发布”消息，截至3月31日,”据“西昌发布”消息，截至3月31日上午10点
9624,投入,”据“西昌,”据“西昌发布”消息，截至3月31日上午10点,”据“西昌发布”消息，截至3月31日,”据“西昌发布”消息，截至3月31日上午10点
9626,做,正在隔离的光谷院区医务处处长祝伟,正在隔离的光谷院区医务处处长祝伟,,
9627,恢复,”他介绍，医院,”他介绍，医院,,
9627,复工,”他介绍，医院,,,
9628,入驻,受访者供图五十多天前，2月9日，17支医疗队,受访者供图五十多天前，2月9日,受访者供图五十多天前，2月9日,受访者供图五十多天前，2月9日，17支医疗队
9629,落实,3月15日,3月15日,3月15日,3月15日
9630,离开,新京报记者王双兴摄“回到平常生活”3月31日,3月31日,3月31日,3月31日
9630,离开,新京报记者王双兴摄“回到平常生活”3月31日,3月31日,3月31日,3月31日
9632,到达,当地铁,当地铁,,当地铁
9632,到达,当地铁,当地铁,,当地铁
9634,到达,吴亚,吴亚记得，重启那天，她驾驶2号线首班车,,吴亚记得，重启那天，她驾驶2号线首班车
9634,驾驶,吴亚,吴亚记得，重启那天，她,,吴亚记得，重启那天，她
9636,回归,如今，武汉市儿童医院,如今，武汉市儿童医院,,如今，武汉市儿童医院
9636,恢复,如今，武汉市儿童医院,如今，武汉市儿童医院,,如今，武汉市儿童医院
9637,恢复,武汉解封前几日，吉庆街,武汉解封前几日，吉庆街恢复了些许生气,,武汉解封前几日，吉庆街恢复了些许生气
9638,到达,螃蟹岬：穿梭在2号线上的调研经理上午十点半，白彭伟,螃蟹岬：穿梭在2号线上的调研经理上午十点半，白彭伟,螃蟹岬：穿梭在2号线上的调研经理上午十点,螃蟹岬：穿梭在2号线上的调研经理上午十点半，白彭伟
9639,到达,地铁上的人多了起来，白彭伟,地铁上的人多了起来，白彭伟驾驶的2号线,,地铁上的人多了起来，白彭伟
9641,恢复,3月24日,3月24日,3月24日,3月24日
9643,发现,张民,张民,在武汉站下车后，张民,张民
9643,发现,张民,张民,在武汉站下车后，张民,张民
9644,撬开,新京报记者李桂,,2月底,
9644,发现,新京报记者李桂摄2月底的一天夜里，有民警,新京报记者李桂摄2月底的一天夜里，有民警巡逻时,2月底,
9644,发现,新京报记者李桂摄2月底的一天夜里，有民警,新京报记者李桂摄2月底的一天夜里，有民警巡逻时,2月底,
9645,变少,”周晨宇补充道，封站期间报警电话,,,
9646,恢复,3月25日至29日，武汉,3月25日,3月25日,3月25日
9646,恢复,3月25日至29日，武汉,3月25日,3月25日,3月25日
9648,恢复,新京报记者李桂摄,新京报记者李桂摄据央视新闻消息，中国铁路武汉局集团公司,新京报记者李桂摄,新京报记者李桂摄
9648,解除,新京报记者李桂摄,新京报记者李桂摄据央视新闻消息，中国铁路武汉局集团公司,新京报记者李桂摄,新京报记者李桂摄
9649,恢复,3月28日，武汉地铁,3月28日,3月28日,3月28日，武汉地铁
9649,恢复,3月28日，武汉地铁,3月28日,3月28日,3月28日，武汉地铁
9650,交流,下午4点，白班出租车司机,下午4点，白班出租车司机,下午4点，白班出租车司机,
9650,交班,下午4点，白班出租车司机,,下午4点，白班出租车司机,
9651,恢复,武汉大学中南医院,武汉大学中南医院,,武汉大学中南医院
9652,恢复,3月20日，中南医院,3月20日,3月20日,3月20日，中南医院
9652,恢复,3月20日，中南医院,3月20日,3月20日,3月20日，中南医院
9654,找到,李菲,李菲通过网络问诊找到产科医生,,
9655,恢复,如今，中南医院,如今，中南医院,,如今，中南医院
9656,恢复,”刚到中南医院,”刚到中南医院时,,”刚到中南医院
9656,当,”刚到中南医院,”刚到中南医院,,”刚到中南医院
9656,恢复,”刚到中南医院,”刚到中南医院时,,”刚到中南医院
9657,恢复,3月27日起，中南医院,3月27日起，中南医院,3月27日,3月27日起，中南医院
9658,恢复,新冠疫情暴发以来，他一直没能休息，如今中南医院,新冠疫情暴发以来，他一直没能休息，如今中南医院,,新冠疫情暴发以来，他一直没能休息，如今中南医院
9658,恢复,新冠疫情暴发以来，他一直没能休息，如今中南医院,新冠疫情暴发以来，他一直没能休息，如今中南医院,,新冠疫情暴发以来，他一直没能休息，如今中南医院
9659,恢复,3月28日,3月28日,3月28日,3月28日
9659,恢复,3月28日,3月28日,3月28日,3月28日
9660,推荐,第二拨客人,第二拨客人,,第二拨客人
9660,看到,第二拨客人,第二拨客人,,第二拨客人
9660,散步,第二拨客人也是邻居，两位,,,第二拨客人也是邻居，两位
9660,推荐,第二拨客人,第二拨客人,,第二拨客人
9661,提出,前几天,前几天，房东给他打电话,,
9661,打电话,前几天,,,
9663,唤起,4月8日，武汉正式解封第一天，刘黎,4月8日，武汉正式解封第一天，刘黎,4月8日,4月8日，武汉正式解封第一天，刘黎
9663,处理,4月8日，武汉正式解封第一天，刘黎,4月8日，武汉正式解封第一天，刘黎,4月8日,4月8日，武汉正式解封第一天，刘黎
9663,站在,4月8日，武汉正式解封第一天，刘黎,4月8日，武汉正式解封第一天，刘黎,4月8日,4月8日，武汉正式解封第一天，刘黎
9663,坐在,4月8日，武汉正式解封第一天，刘黎,4月8日，武汉正式解封第一天，刘黎,4月8日,4月8日，武汉正式解封第一天，刘黎
9664,接受,2019年10月12日，袁隆平,2019年10月12日，袁隆平,2019年10月12日,2019年10月12日，袁隆平
9665,颁发,新京报记者王飞摄“一年不种杂交水稻两个月没饭吃”10月12日,新京报记者王飞摄“一年不种杂交水稻两个月没饭吃”10月12日,10月12日,新京报记者王飞摄“一年不种杂交水稻两个月没饭吃”
9665,介绍,新京报记者王飞摄“一年不种杂交水稻两个月没饭吃”,新京报记者王飞摄“一年不种杂交水稻两个月没饭吃”10月12日,10月12日,新京报记者王飞摄“一年不种杂交水稻两个月没饭吃”
9665,观看,新京报记者王飞摄“一年不种杂交水稻两个月没饭吃”,新京报记者王飞摄“一年不种杂交水稻两个月没饭吃”10月12日,10月12日,新京报记者王飞摄“一年不种杂交水稻两个月没饭吃”
9667,兴建,中国的专家团队,中国的专家团队,,中国的专家团队
9667,投入,中国的专家团队,中国的专家团队,,中国的专家团队
9668,发生,”另一名专家回忆起2017年马达加斯加发生洪涝灾害,”另一名专家回忆起2017年马达加斯加发生洪涝灾害,”另一名专家回忆起2017,”另一名专家回忆起2017年马达加斯加发生洪涝灾害
9668,发生,”另一名专家回忆起2017年马达加斯加发生洪涝灾害,”另一名专家回忆起2017年马达加斯加发生洪涝灾害,”另一名专家回忆起2017,”另一名专家回忆起2017年马达加斯加发生洪涝灾害
9669,建立,”此外，张立军,”此外，张立军,,”此外，张立军
9670,提出,”中国提出到2030年实现非洲国家的粮食安全，这让张立军,中国提出到2030年实现非洲国家的粮食安全，这让张立军,”中国提出到2030年,
9672,增加,与常规市场品种相比，其增产优势,与常规市场品种相比，其增产优势,与常规市场品种相比，其增产优势,
9673,参加,2008年5月，作家阿来等人,2008年5月，作家阿来等人,2008年5月,2008年5月，作家阿来等人参加图书签售义捐活动
9676,补贴,从那时起，阿来,从那时起，阿来,,从那时起，阿来
9677,出席,”今年刚读博士的唐露露告诉新京报记者，先生,”今年刚读博士的唐露露告诉新京报记者，先生,,”今年刚读博士的唐露露告诉新京报记者，先生
9679,召开,受访者,受访者供图“疑罪从无”入法1991年，全国人大常委会法工委刑法室,受访者供图“疑罪从无”入法199,受访者
9680,成立,1993年10月,1993年10月,1993年10月,1993年10月
9681,建议,陈光中,陈光中回忆道，最后一次草案审议时,,
9682,参加,陈光中,2018年7月28日，陈光中参加学术研讨会,2018年7月28日,2018年7月28日，陈光中参加学术研讨会
9683,提出,1955年，25岁的陈光中,1955年，25岁的陈光中发表了第一篇论文,1955年,1955年，25岁的陈光中
9686,改变,这个案子,这个案子改变了张高平叔侄的人生,,
9686,改变,这个案子,这个案子改变了张高平叔侄的人生,,
9687,写下,那年，张高平,那年，张高平,,那年，张高平
9687,报道,那年，张高平,那年，张高平,,那年，张高平
9687,发现,那年，张高平,那年，张高平,,那年，张高平
9688,解决,后来，男人,后来，男人,,
9689,参与,今年国庆期间，张飚,今年国庆,,今年国庆
9691,找到,李某某,李某某,,李某某
9691,申诉,李某某,李某某,,李某某进入监狱
9692,决定,案子,案子推进了两年，如今自治区高级人民法院,,
9692,发回,案子,案子推进了两年，如今自治区高级人民法院已经决定再审并发回重审,,
9693,修复,1500多件古董,1500多件古董,,
9694,参加,”“钟表盘里一天一个样”铜镀金乡村音乐水法钟再次搬上了王津,”“钟表盘里一天一个样”铜镀金乡村音乐水法钟再次搬上了王津的工作台,”“钟表盘,”“钟表盘
9694,搬上,”“钟表盘里一天一个样”铜镀金乡村音乐水法钟再次搬上了王津的工作台,”“钟表盘里一天一个样”铜镀金乡村音乐水法钟再次搬上了王津的工作台,,”“钟表盘里一天一个样”铜镀金乡村音乐水法钟
9694,选中,”“钟表盘里一天一个样”铜镀金乡村音乐水法钟再次搬上了王津,”“钟表盘里一天一个样”铜镀金乡村音乐水法钟再次搬上了王津的工作台,,”“钟表盘
9695,热播,2016年，央视,,2016年,
9695,热播,2016年，央视,,2016年,
9696,分享,王津,王津端着杯子去茶水间接水时，总能听见一片“欢声笑语,,王津端着杯子去茶水间接水时
9697,告诉,廖智,廖智的妈妈,,
9698,参加,廖智,廖智,,廖智
9699,参加,廖智,2013年12月，廖智,2013年12月,2013年12月，廖智
9701,组织,2013年从美国回来后，廖智,2013年从美国回来后，廖智和查尔斯,2013年从美国回来后，廖智和查尔斯,2013年从美国回来后，廖智和查尔斯
9702,学习,杜富国,杜富国在尝试,,
9703,接受,2019年10月24日，杜富国,2019年10月24日,2019年10月24日,2019年10月24日，杜富国
9705,接受,回忆起那次使他失去双眼和双手的爆炸，杜富国,回忆起那次使他失去双眼和双手的爆炸，杜富国,,
9705,接受,回忆起那次使他失去双眼和双手的爆炸，杜富国,回忆起那次使他失去双眼和双手的爆炸，杜富国,,
9706,发生,2018年麻栗坡县猛峒乡发生特大泥石流,2018年麻栗坡县猛峒乡发生特大泥石流,2018年,2018年麻栗坡县猛峒乡发生特大泥石流
9709,接受,2019年10月24日，杜富国,2019年10月24日,2019年10月24日,2019年10月24日，杜富国
9711,授予,1988年9月27日,1988年9月27日，北京中南海怀仁堂举行新中国第二次授衔仪式,1988年9月27日,1988年9月27
9712,授予,第一次是在1955年9月27日,第一次是在1955年9月27日,1955年9月27日,第一次是在1955年9月27日
9713,出任,洪虎1940年出生,洪虎1940年出生,洪虎1,洪虎1940年出生
9713,任职,洪虎1940年出生,洪虎1940年出生,洪虎1,洪虎1940年出生
9713,出生,洪虎1940年出生,,1940年,
9715,拍摄,新京报记者郭延冰摄13年前，在刘德华主导的“亚洲新星导计划”资助下，宁浩,,新京报记者郭延冰,
9716,建议,然而，在采访过程中，这位如此具有票房号召力的导演,然而，在采访过程中，这位,,
9716,建议,然而，在采访过程中，这位如此具有票房号召力的导演,然而，在采访过程中，这位,,
9717,帮助,2007年，时任石河子市人民检察院(以下简称“石河子检察院”)驻监检察官的张飚,2007年,2007年,2007年
9718,致辞,详情>>>院长叶敬忠,,详情>>>院长叶敬忠,
9720,调查,中卫市生态环境局,中卫市生态环境局,,
9722,倾倒,十几年前，有老职工亲眼见到美利纸业生产纸浆时产生的黑液,,,
9723,处置,2002年,2002年至2004年,2002年至2004年,2002年至2004年
9723,建成,2002年至2004年宁夏美利纸业集团有限公司,2002年至2004年宁夏美利纸业集团有限公司,2002年至2004年,2002年至2004年宁夏美利纸业集团有限公司
9725,采用,原宁夏美利纸业集团有限公司1986年,原宁夏美利纸业集团有限公司1986年建厂，经过4次扩产，全部采用碱法,原宁夏美利纸业集团有限公司1986年,原宁夏美利纸业集团有限公司1986年
9725,上,原宁夏美利纸业集团有限公司1986年,原宁夏美利纸业集团有限公司1986年建厂，经过4次扩产，全部采用碱法,原宁夏美利纸业集团有限公司1986年,原宁夏美利纸业集团有限公司1986年
9726,报道,”中卫市委宣传部网信办胡主任认为，2014年9月，《新京报》,”中卫市委宣传部网信办胡主任认为，2014年9月,2014年9月,”中卫市委宣传部网信办胡主任认为，2014年9月
9730,拦阻,中卫市自然资源局李副局长告诉记者，美利林区的生态作用确实明显，有效拦阻了沙尘暴,中卫市自然资源局李副局长告诉记者，美利林区的生态作用确实明显，有效拦阻了沙尘暴,,
9731,制造,“地球物理勘探,“地球物理勘探,,
9734,建设,1997年，陈新伟,1997年，陈新伟,1997年，陈新伟,1997年，陈新伟
9735,参加,2004年6月，刚毕业两年的卢庆庆,2004年6月,2004年6月,2004年6月
9737,作出,2018年5月31日，广东省,2018年5月31日,2018年5月31日,2018年5月31日
9738,递交,这四位学者,这四位学者,,这四位学者
9738,撰写,这四位学者,这四位学者,,这四位学者
9739,作出,2017年9月26日，全国人大常委会,2017年9月26日,2017年9月26日,2017年9月26日
9740,作出,其后，不到两年时间里,其后，不到两年时间里，福建、贵州、广东、江西、海南以及辽宁、云南七省人大常委会,,其后，不到两年时间里，福建、贵州
9741,找到,该文件称，云浮市第一小学,该文件称，云浮市第一小学,该文件称，云浮市第一小学,该文件称，云浮市第一小学
9742,辞退,2018年12月21日，云浮市公安局督察支队对薛锐权,,2018年12月21日,2018年12月21日，云浮市公安局督察支队
9742,做出,2018年12月21日，云浮市公安局督察支队对薛锐权,2018年12月21日，云浮市公安局督察支队对薛锐权,2018年12月21日,2018年12月21日，云浮市公安局督察支队
9744,违反,11月7日，云浮市公安局,11月7日,11月7日,11月7日，云浮市公安局
9746,称,部门规章和地方性法规冲突关注到薛锐权的三胎超生纠纷,部门规章和地方性法规冲突关注到薛锐权的三胎超生纠纷,,
9748,删除,在研究该案例,在研究该案例,在研究该案例,
9749,参与,一些环保学者,一些环保学者也参与了意见,,一些环保学者
9750,公布,2010年1月25日的《邢台日报》报道，邢台市统计学会,2010年1月25日的《邢台日报》报道，邢台市统计学会,2010年1月25日,2010年1月25日
9750,公布,2010年1月25日的《邢台日报》报道，邢台市统计学会,2010年1月25日的《邢台日报》报道，邢台市统计学会,2010年1月25日,2010年1月25日
9751,提出,2017年7月31日至8月21日，河北省委、省政府第十二环境保护督察组,2017年7月31日至8月21日，河北省委、省政府第十二环境保护督察组,2017年7月31日至8月21日,2017年7月3
9751,开展,2017年7月31日至8月21日，河北省委、省政府第十二环境保护督察组,2017年7月31日至8月21日，河北省委、省政府第十二环境保护督察组,2017年7月31日至8月21日,2017年7月31日至8月21日
9751,形成,2017年7月31日至8月21日，河北省委、省政府第十二环境保护督察组,2017年7月31日至8月21日，河北省委、省政府第十二环境保护督察组,2017年7月31日至8月21日,2017年7月3
9752,实行,肖隆平,肖隆平摄2017年11月,2017年11月,位于邢台市区内的邢钢厂区
9755,批复,今年4月，邢台市人民政府,今年4月，邢台市人民政府,今年4月，邢台市人民政府,今年4月，邢台市人民政府
9759,搬来,更多新河人,,,
9761,采取,新京报记者梳理发现，河北,新京报记者梳理发现，河北对本地钢铁企业,,新京报记者梳理发现，河北对本地钢铁企业
9761,搬迁至,河北对本地钢铁企业,,,新京报记者梳理发现，河北对本地钢铁企业
9761,发现,新京报记者梳理发现，河北,新京报记者梳理发现，河北对本地钢铁企业,,新京报记者梳理发现，河北对本地钢铁企业
9763,召开,记者了解到，此前数月，河北省生态环境厅,记者了解到，此前数月，河北省生态环境厅,,记者了解到，此前数月，河北省生态环境厅
9763,进行,记者了解到，此前数月，河北省生态环境厅,记者了解到，此前数月，河北省生态环境厅,,河北省生态环境厅
9765,接受,2019年10月28,2019年10月28,2019年10月28日,2019年10月28
9765,涉嫌,2019年10月28,2019年10月28日,2019年10月28日,
9766,参加,图片来源：视觉中国中书协实际掌权人，曾多次被举报新京报记者检索公开报道，赵长青,图片来源：视觉中国中书协实际掌权人，曾多次被举报新京报记者检索公开报道，赵长青,图片来源：视觉中国中书协实际掌权人,图片来源：视觉中国中书协实际掌权人
9767,担任,2002年，赵长青,2002年，赵长青,2002年，赵长青,2002年，赵长青
9769,拒绝,”10月30日，张弓,”10月30日,”10月30日,”10月30日，张弓
9769,告诉,”10月30日，张弓,”10月30日,10月30日,”10月30日
9769,承诺,”10月30日，张弓,”10月30日,”10月30日,”10月30日，张弓
9770,担任,张弓,张弓,张弓告诉新京报记者，2007年,张弓
9773,签了,时任广东书协副主席张桂光,时任广东书协副主席张桂光,,时任广东书协副主席张桂光
9773,去,时任广东书协副主席张桂光,时任广东书协副主席张桂光,,时任广东书协副主席张桂光
9774,操办,”蔡祥麟,”蔡祥麟告诉新京报记者，1999年第七届国展,”蔡祥麟,”蔡祥麟告诉新京报记者，1999年第七届国展
9778,授牌,新京报记者检索发现，赵长青,新京报记者检索发现，赵长青,,新京报记者检索发现，赵长青
9778,发现,新京报记者检索发现，赵长青,新京报记者检索发现，赵长青,,新京报记者检索发现，赵长青
9779,出席,时任中书协驻会副主席赵长青,2010年3月4日,2010年3月4日,2010年3月4日，时任中书协驻会副主席赵长青
9780,出席,新京报记者梳理公开资料发现，2009年5月,2009年5,2009年5,2009年5
9780,当选,新京报记者梳理公开资料发现，2009年5月,2009年5月，中国书协五,2009年5月,2009年5月，中国书协五
9780,召开,新京报记者梳理公开资料发现，2009年5月，中国书协五届五次理事会,2009年5月，中国书协五届五次理事会,2009年5月,2009年5月，中国书协五届五次理事会
9780,增补,新京报记者梳理公开资料发现，2009年5月,2009年5月，中国书协五,2009年5月,2009年5月，中国书协五
9781,连任,纪光明,纪光明,,
9781,告诉,纪光明,纪光明,,
9781,选出,纪光明,纪光明,,纪光明
9782,举报,2017年11月5日，知名书法家、暨南大学教授曹宝麟,”2017年11月5日，知名书法家、暨南大学教授曹宝麟,2017年11月5日,2017年11月5日
9782,发文,2017年11月5日，知名书法家、暨南大学教授曹宝麟,,2017年11月5日,2017年11月5日
9783,发布,2019年3月，曹宝麟,2019年3月，曹宝麟,2019年3月,2019年3月，曹宝麟
9784,建造,据其官网一篇名为《中国书法大厦,据其官网一篇名为《中国书法大厦,,据其官网一篇名为《中国书法大厦
9786,出席,查阅公开信息，2013年12月28日，中国书法大厦,查阅公开信息，2013年12月28日，中国书法大厦,查阅公开信息，2013年12月28日,查阅公开信息，2013年12月28日，中国书法大厦
9786,举行,查阅公开信息，2013年12月28日，中国书法大厦,查阅公开信息，2013年12月28日，中国书法大厦,查阅公开信息，2013年12月28日,查阅公开信息，2013年12月28日，中国书法大厦
9788,挂上,”蔡祥麟,”蔡祥麟,,”蔡祥麟
9791,接受,近日，最高检第十检察厅厅长、一级高级检察官徐向春,近日，最高检第十检察厅厅长、一级高级检察官徐向春,,
9792,下发,今年9月，最高检,今年9月，最高检,今年9月,
9795,发现,2008年，19岁的冯华,2008年,2008年,2008年，19岁的冯华
9795,发现,2008年，19岁的冯华,2008年,2008年,2008年，19岁的冯华
9796,建议,母亲赶到学校,母亲赶到学校,,母亲赶到学校
9796,说,母亲赶到学校后，班主任说冯华说的事,母亲赶到学校后，班主任说冯华说的事,,母亲赶到学校后，班主任说冯华说的事
9798,告诉,冯华,冯华清醒了，会给父母打电话,,
9798,打电话,冯华,,,
9799,开展,此后，城市,此后，城市内的社区卫生服务中心、乡镇卫生院等基层医疗卫生机构,,此后，城市
9800,告诉,11月11日,11月11日,11月11日,11月11日
9804,发生,2017年2月，精神疾病患者胡某,2017年2月，精神疾病患者胡某,2017年2月,2017年2月，精神疾病患者胡某
9804,行凶,2017年2月，精神疾病患者胡某,,2017年2月，精神疾病患者胡某,2017年2月，精神疾病患者胡某
9804,伤人,2017年2月，精神疾病患者胡某,,2017年2月,2017年2月，精神疾病患者胡某
9806,接受,冯华曾在河南省精神病医院,冯华曾在河南省精神病医院,,冯华曾在河南省精神病医院
9807,找到,直到一名好心人打来电话，家人,直到一名好心人打来电话，家人,,
9807,打来,直到一名好心人,直到一名好心人,,
9809,设计,2012年,2012年,2012年,2012年
9809,成立,2012年,2012年,2012年,2012年
9810,搜集,2016年3月，沈文蛟,2016年3月,2016年3月,2016年3月
9810,发起,2016年3月，沈文蛟,2016年3月,2016年3月,2016年3月
9811,突破,沈文蛟,9月初,9月初,
9812,回忆,沈文蛟,沈文蛟后来撰文回忆，仅在文章发布当天，衣帽架,,
9813,提出,他感叹古人,他感叹古人,,他感叹古人
9813,分享,他感叹古人,他感叹古人,,他感
9814,拍摄,王德瑞,,,
9815,选择,我选择留在了上海,我选择留在了上海,,我选择留在了上海，当时不
9816,通报,11月13日，广州增城区分局,11月13日,11月13日,11月13日，广州增城区分局
9818,联系,张维平,张维平告诉警方,,
9819,发现,当天13:40,当天13:40，广州工务段英德线路车间工队队长,当天13:40,当天13:40，广州工务段英德线路车间工队队长
9819,巡逻,当天13:40，广州工务段英德线路车间工队队长,,当天13:40,当天13:40，广州工务段英德线路车间工队队长
9822,制作,晋州市公安局起诉意见书显示，警方查明，2015年9月,晋州市公安局起诉意见书显示，警方查明，2015年9月,晋州市公安局起诉意见书,晋州市公安局起诉意见书
9822,涉嫌,晋州市公安局起诉意见书,晋州市公安局起诉意见书,晋州市公安局起诉意见书,晋州市公安局起诉意见书
9823,去世,2019年8月5日，周志斌,,2019年8月5日,
9824,告诉,2019年8月15日，前赵七子村村支书李福全,2019年8月15日,2019年8月15日,2019年8月15日，前赵七子村村支书李福全
9825,出现,赵良,赵良,赵良,
9826,找到,他,他找到主管信贷的副行长余俊,,
9828,创办,新京报记者李英强摄金波原,新京报记者李英强摄金波原,新京报记者李英强摄金波原,新京报记者李英强摄金波原
9829,成立,为了寻找借款人，金波,为了寻找借款人，金波在合作社内成立了一支十余人的业务团队,,为了寻找借款人，金波
9831,致电,2019年8月5日，任占良,,2019年8月5日,
9833,发现,瓯海银行,瓯海银行,瓯海银行于2018年8月,
9836,发现,2019年8月5日，新京报记者,2019年8月5日,2019年8月5日,2019年8月5日，新京报记者
9836,探访,2019年8月5日，新京报记者,,2019年8月5日,
9836,探访,2019年8月5日，新京报记者,,2019年8月5日,
9837,成立,新京报记者李英强摄在投资经营方面，赵良,新京报记者李英强摄在投资经营方面，赵良,新京报记者李英强摄在投资经营方面，赵良,新京报记者李英强摄在投资经营方面，赵良
9838,开发,2010年,2010年,2010年,2010年
9839,发生,新京报记者调查发现，事发路段,新京报记者调查发现，事发路段,新京报记者调查发现，事发路段,新京报记者调查发现，事发路段
9839,发生,新京报记者调查发现，事发路段,新京报记者调查发现，事发路段,新京报记者调查发现，事发路段,新京报记者调查发现，事发路段
9839,发现,新京报记者调查发现，事发路段,新京报记者调查发现，事发路段,,新京报记者调查发现，事发路段
9840,拉出,一位当时参与营救的市民,一位当时参与营救的市民,,
9840,打碎,一位当时参与营救的市民,,,
9840,拿来,一位当时参与营救的市民,一位当时参与营救的市民,,
9842,告诉,家属告诉新京报记者，男孩儿,家属告诉新京报记者，男孩儿,,
9842,走到,家属告诉新京报记者，男孩儿,家属告诉新京报记者，男孩儿,,
9842,告诉新京报记者，男孩儿13岁，,家属,,,
9844,修建,”1月16日，西宁市人民防空办公室工程技术科科长靳海炜,”1月16日，西宁市人民防空办公室工程技术科科长靳海炜,1月16日,”1月16日
9844,告诉,”1月16日,”1月16日,”1月16日,”1月16日
9845,发起,新京报记者检索发现，从2014年开始，西宁市,新京报记者检索发现，从2014年开始，西宁市至少发起14起路面塌陷事故,新京报记者检索发现，从2014年,新京报记者检索发现，从2014年开始，西宁市
9845,发现,新京报记者检索发现，从2014年开始，西宁市,新京报记者检索发现，从2014年开始，西宁市至少发起14起路面塌陷事故,新京报记者检索,新京报记者检索发现，从2014年开始，西宁市
9847,成立,根据公开资料，西宁从1949年成立市政府,根据公开资料，西宁从1949年成立市政府,根据公开资料，西宁从1949年成立市政府,根据公开资料，西宁从1949年成立市政府
9848,发生,”据《深圳商报》2015年2月10日报道，当天上午,”据《深圳商报》2015年2月10日报道，当天上午,,”据《深圳商报》2015年2月10日报道，当天上午
9849,发生,据公开报道，2017年8月,据公开报道，2017年8月,2017年8月,2017年8月
9851,遇难,据公开报道，2013年5月,,2013年5月,2013年5
9852,成立,2013年8月，深圳市人民政府办公厅,2013年8月，深圳市人民政府办公厅,2013,2013年8月，深圳市人民政府办公厅
9853,发生,”2014年底，郑州市西三环,”2014年底，郑州市西三环发生“16塌”事故,”2014年底,”2014年底，郑州市西三环发生“16塌”事故
9854,形成,深圳,深圳,,如今，深圳逐步在市、区两级政府
9854,建立,深圳,深圳,,如今，深圳逐步在市、区两级政府
9855,开展,据悉，目前，针对煤、气、水、电管网等设施，青海,据悉，目前，针对煤、气、水、电管网等设施，青海,,据悉，目前，针对煤、气、水、电管网等设施，青海
9856,参与,新京报记者韩沁珂摄2003年1月，危起伟团队,新京报记者韩沁珂摄2003年1月，危起伟团队,2003年1月，危起伟团队,新京报记者韩沁珂摄2003年1月，危起伟团队
9858,发现,据陈大庆,据陈大庆介绍，他们在对长江中游四,据陈大庆介绍，他们在对长江中游四,据陈大庆介绍，他们在对长江中游四
9858,衰退,据陈大庆,,据陈大庆介绍，他们在对长江中游四,
9858,下降,据陈大庆,,据陈大庆介绍，他们在对长江中游四,
9859,发表,2019年底,2019年底,2019年底,2019年底
9861,考察,中国科学院院士曹文宣,,中国科学院院士曹文宣,中国科学院院士曹文宣
9863,导致,2018年,2018年，据国家审计署,2018年,2018年
9863,发生,2018年,2018年，据国家审计署,2018年,2018年
9864,影响,“酷渔滥捕”,“酷渔滥捕,,
9865,发现,王丁,王丁回忆，在2006年的第一次长江豚类考察,王丁回忆，在2006年,王丁回忆，在2006年的第一次长江豚类考察
9866,捕捞,2004年，曹文宣,,2004年，曹文宣,2004年，曹文宣
9868,改善,2018年，国务院办公厅,2018年，国务院办公厅,2018年,2018年，国务院办公厅
9869,发布,2019年,2019年,2019年,2019年
9872,治疗,吴花燕,吴花燕,,吴花燕
9872,捐款救助,吴花燕,吴花燕,,吴花燕
9873,接受,1月16日下午，儿慈会理事长兼秘书长王林,1月16,1月16日,1月16
9874,告诉,1月16日下午，赵俊霞,1月16日下午，赵俊霞,1月16日,1月16日下午，赵俊霞
9875,找到,”循着这条线索，赵俊霞,”循着这条线索，赵俊霞,,”循着这条线索，赵俊霞
9878,致电,吴花燕治疗预算一事，1月17日,吴花燕治疗预算一事，1月17日,1月17日,吴花燕治疗预算一事，1月17日
9878,致电,吴花燕治疗预算一事，1月17日,吴花燕治疗预算一事，1月17日,1月17日,吴花燕治疗预算一事，1月17日
9879,接受,在“微公益”的吴花燕,在“微公益,,
9880,发布,“（10月30日）早上7点55分又跟吴花燕,“（10月30日）早上7点55分,“（10月30日）早上7点55分,“（10月30日）早上7点55分
9882,收到,1月17日下午，贵阳二院相关工作人员告诉新京报记者，医院,1月17,1月17,1月17
9884,打到,2020年1月16日，吴江龙,2020年1月16日，吴江龙接受央视采访时表示，这20万元,2020年1月16日,2020年1月16日，吴江龙
9885,分享,2019年11月16日凌晨4点多，吴花燕,2019年11月16日凌晨4点多，吴花燕,2019年11月16日凌晨4点多,2019年11月16日凌晨4点多，吴花燕
9889,开展,公开信息显示，湖南省,公开信息显示，湖南省,公开信息显示，湖南省,公开信息显示，湖南省
9889,提升,公开信息显示，湖南省,公开信息显示，湖南省,公开信息显示，湖南省,公开信息显示，湖南省
9890,印发,”渔民上岸2019年1月,”渔民上岸2019年1月,”渔民上岸2019年1月,”渔民上岸2019年1月
9891,成立,为了让退捕渔民“退得出”，农业农村部,为了让退捕渔民“退得出”，农业农村部,,
9893,发生,国家审计署,国家审计署,国家审计署2018年,国家审计署
9893,增长,国家审计署,,国家审计署2018年,
9895,打击,2017年5月，朱凯,2017年5月，朱凯,2017年5月,
9896,执行,”官民协作,”官民协作,”官民协作,
9897,没收,农业农村部,农业农村部,农业农村部,
9897,移送,农业农村部,农业农村部,农业农村部,
9898,制作,朱凯,”2019年2月，朱凯,2019年2月，朱凯,”2019年2月，朱凯
9901,变成,钱到账之后，有人,钱到账之后，有人,,
9901,投资,钱到账之后，有人,钱到账之后，有人,,
9901,买下,钱到账之后，有人,钱到账之后，有人,,
9902,打造,一公里外的东岳村,一公里外的东岳村,,
9903,定位,峨眉山市文旅局副局长卢翔云告诉记者，峨眉山市,峨眉山市文旅局副局长卢翔云告诉记者，峨眉山市,峨眉山市文旅局副局长卢翔云,峨眉山市文旅局副局长卢翔云告诉记者，峨眉山市
9903,将,峨眉山市文旅局副局长卢翔云告诉记者，峨眉山市,峨眉山市文旅局副局长卢翔云告诉记者，峨眉山市,,峨眉山市文旅局副局长卢翔云告诉记者，峨眉山市
9904,推出,”卢翔云介绍，此前，他们推出了花海音乐节,”卢翔云介绍，此前，他们推出了花海音乐节,,”卢翔云介绍，此前，他们推出了花海音乐节
9906,找遍,根据张维平的说法，申军良,,,
9909,找到,警方,警方,,
9909,找到,警方,警方,,
9910,公布,根据他和张维平的描述，2017年6月，增城警方,根据他和张维平的描述，2017年6月，增城警方,2017年6月,2017年6月，增城警方
9910,勾勒,根据他和张维平的描述，2017年6月，增城警方,根据他和张维平的描述，2017年6月，增城警方,2017年6月,2017年6月，增城警方
9911,找到,他的帮助下，申军良,他的帮助下，申军良,,他的帮助下，申军良
9912,相识,申军良,,,
9912,去过,申军良,申军良,,申军良
9914,购买,林宇辉,林宇辉称，直到今年3月，广州增城刑警队,林宇辉称，直到今年3月,林宇辉称，直到今年3月，广州增城刑警队
9914,发出,林宇辉,林宇辉称，直到今年3月，广州增城刑警队,林宇辉称，直到今年3月,林宇辉称，直到今年3月，广州增城刑警队
9914,打电话,林宇辉,林宇辉称，直到今年3月，广州增城刑警队,林宇辉称，直到今年3月,林宇辉称，直到今年3月，广州增城刑警队
9915,发布,11月9日，林宇辉,11月9日,11月9日,11月9日，林宇辉
9915,发给,11月9日，林宇辉,11月9日,11月9日,11月9日，林宇辉
9916,公布,随后，广州市公安局增城区分局向新京报记者称，增城警方,随后，广州市公安局增城区分局向新京报记者称，增城警方,随后，广州市公安局增城区分局,随后，广州市公安局增城区分局
9917,发布,1月23日凌晨2时许，武汉市新型冠状病毒感染的肺炎疫情防控指挥部,1月23,1月23,1月23
9918,召开,1月23日19时，湖北省,1月23日19时，湖北省再次召开新型冠状病毒感染的肺炎疫情防控工作新闻发布会,1月23日,1月23
9919,离开,有人,有人赶在10点前离开了武汉,有人,有人
9920,开启,四个“售票改签”窗口,四个“售票改签”窗口,,
9921,到达,”陈炳,”陈炳,,”陈炳
9921,到达,”陈炳,”陈炳,,”陈炳
9922,宣布,值机柜台前，有工作人员,值机柜台前，有工作人员,,值机柜台前，有工作人员
9925,选择,但谢大飞,但谢大飞,,但谢大飞
9927,接到,对此，武汉商务局,对此，武汉商务局工作人员,,对此，武汉商务局
9928,参与,这支医疗团队,这支医疗团队,这支医疗团队部分成员曾经在2003年,这支医疗团队
9928,支援,这支医疗团队,这支医疗团队,这支医疗团队部分成员曾经在2003年,这支医疗团队
9930,发布,1月26日,1月26日,1月26日,1月26日
9931,建立,此外，湖北省公安厅,此外，湖北省公安厅,,此外，湖北省公安厅
9932,发布,”自1月23日,”自1月23日离汉通道关闭始，武汉各家医院陆续发布求助信息,”自1月23日,”自1月23日
9932,发布,”自1月23日,”自1月23日离汉通道关闭始，武汉各家医院陆续发布求助信息,”自1月23日,”自1月23日
9934,找到,受访者供图早在唐科长,受访者供图早在唐科长,,
9935,奔向,肖昌文,肖昌文收到了放行指令，交警搬开路障，两辆货车离开武汉，奔向咸宁,,肖昌文
9935,离开,肖昌文,肖昌文,,肖昌文
9935,搬开,肖昌文收到了放行指令，交警,肖昌文收到了放行指令，交警,,肖昌文
9937,停住,鄂州市公安局的张勇,,,鄂州市公安局
9939,制定,科比,科比继承了父亲的篮球基因,,科比继承了父亲的篮球基因
9939,观察,科比,科比继承了父亲的篮球基因,,
9939,继承,科比继承了父亲的篮球基因,科比继承了父亲的篮球基因,,
9940,参加,1996年,1996年,1996年,1996年
9941,选择,你最风华的瞬间都有记忆2016年，科比,你最风华的瞬间都有记忆,2016年,你最风华
9942,创造,2016年4月14日,2016年4月14日,2016年4月14日,2016年4月14日
9943,接受,科比,9月13日,9月13日,9月13日
9944,召开,图片/新京报拍者,1月23日下午，王丽所在的街道召开了年前工作总结会,1月23日,1月23日下午，王丽所在的街道召开了年前工作总结会
9947,取消,”但张强,”但张强想了想，还是和村干部一起硬着头皮找到了这家人,,
9947,找到,”但张强想了想，还是和村干部一起硬着头皮找到了这家人,”但张强想了想，还是和村干部一起硬着头皮找到了这家人,,
9948,找到,为了从源头控制聚餐，镇干部,为了从源头控制聚餐，镇干部,,
9949,找到,一些基层工作人员,一些基层工作人员,,一些基层工作人员
9949,联络,一些基层工作人员,一些基层工作人员,,一些基层工作人员
9950,参加,王丽,王丽,,王丽
9952,印发,图/新京报拍者1月27日，“国务院,图/新京报拍者1月27日，“国务院应对新型冠状病毒感染的肺炎疫情联防联控工作机制,1月27日,
9953,选择,平台,所以平台,,
9953,投入,所以平台,所以平台,,
9954,建立,”第二天上午，龚星,”第二天上午，龚星,,”第二天上午，龚星
9958,培训,”武汉市精神卫生中心儿童康复部主任汤珺告诉新京报记者，中心,”武汉市精神卫生中心儿童康复部主任汤珺告诉新京报记者，中心,,”武汉市精神卫生中心儿童康复部主任汤珺
9961,发布,”建群不久，肖雅星,”建群不久，肖雅星,,”建群不久，肖雅星
9962,公布,一名小型连锁酒店工作人员告诉新京报记者，看到肖雅星,一名小型连锁酒店工作人员,,
9962,加入,一名小型连锁酒店工作人员告诉新京报记者，看到肖雅星,一名小型连锁酒店工作人员,,
9963,提供,江恒,江恒,江恒,江恒
9971,组织,”医务人员的出行条件也在改善，武汉市,”医务人员的出行条件也在改善，武汉市,,”医务人员的出行条件也在改善，武汉市
9971,组织,”医务人员的出行条件也在改善，武汉市,”医务人员的出行条件也在改善，武汉市,,”医务人员的出行条件也在改善，武汉市
9972,接送,1月29日,1月29日,1月29日,1月29日
9975,找到,”庞秀霞,”庞秀霞,”庞秀霞,”庞秀霞
9975,找到,”庞秀霞,”庞秀霞,”庞秀霞,”庞秀霞
9976,接受,第二天，国务院联防机制医疗物资保障组,第二天，国务院联防机制医疗物资保障组,,
9978,解决,在此前的一次紧急会议,在此前的一次紧急会议,,
9979,发布,”2月2日，长垣市防控指挥部,”2月2日，长垣市防控指挥部,2月2日,”2月2日，长垣市防控指挥部
9981,检查,”大广高速长垣进站口，市场监督管局,”大广高速长垣进站口，市场监督管局,,”大广高速长垣进站口，市场监督管局
9983,恢复,自即时起，中国内地门店菜品价格,自即时起，中国内地门店菜品价格,自即时起，中国内地门店菜品价格,
